# NewSwipe emoji data - Emoji 18.0, generated by tools/generate_emoji_data.py
smileys	😀		활짝 웃는 얼굴|미소|발랄함|스마일|얼굴|웃음|치아|행복|환호	grinning face|cheerful|cheery|face|grin|grinning|happy|laugh|nice|smile|smiling|teeth
smileys	😃		눈을 크게 뜨고 웃는 얼굴|미소|스마일|얼굴|예이|웃고 있는|입|입 벌리고 웃는 얼굴|좋아|치아|행복	grinning face with big eyes|awesome|big|eyes|face|grin|grinning|happy|mouth|open|smile|smiling|teeth|yay
smileys	😄		미소 짓는 눈으로 활짝 웃는 얼굴|눈|눈웃음 지으며 활짝 웃는 얼굴|미소|스마일|얼굴|웃음|입|입 벌리고 웃는 눈웃음 얼굴|ㅎㅎ|행복|활짝 웃는	grinning face with smiling eyes|eye|eyes|face|grin|grinning|happy|laugh|lol|mouth|open|smile|smiling
smileys	😁		미소 짓는 눈으로 웃는 얼굴|나이스|눈|눈웃음|눈웃음 짓는 웃는 얼굴|미소|스마일|얼굴|치아|행복	beaming face with smiling eyes|beaming|eye|eyes|face|grin|grinning|happy|nice|smile|smiling|teeth
smileys	😆		눈웃음짓는 얼굴|눈 감고 미소|눈 감고 웃는 얼굴|눈웃음 지으며 입 벌리고 웃는 얼굴|눈웃음 짓는 얼굴|만족|벌린|얼굴|웃음|입 벌리고 미소|ㅋㅋㅋ|ㅎㅎㅎ|하하하	grinning squinting face|closed|eyes|face|grinning|haha|hahaha|happy|laugh|lol|mouth|open|rofl|smile|smiling|squinting
smileys	😅		땀 흘리며 웃는 얼굴|긴장|낙담한|땀|미소|벌린|스마일|스트레스|식은땀|얼굴|웃고 있지만 당황한 얼굴|웃고 있지만 당황해서 땀 흘리는 얼굴	grinning face with sweat|cold|dejected|excited|face|grinning|mouth|nervous|open|smile|smiling|stress|stressed|sweat
smileys	🤣		바닥을 구르며 웃는 얼굴|구르기|눈물나게 웃긴|데굴데굴|빵 터짐|얼굴|완전 재미있는|웃음|ㅋㅋㅋ|ㅎㅎㅎ|하하|행복	rolling on the floor laughing|crying|face|floor|funny|haha|happy|hehe|hilarious|joy|laugh|lmao|lol|rofl|roflmao|rolling|tear
smileys	😂		기쁨의 눈물을 흘리는 얼굴|너무 웃겨서 눈물|너무 웃기는|눈물|스마일|얼굴|울면서 웃음|웃음|ㅎㅎ|하하|행복|헤헤	face with tears of joy|crying|face|feels|funny|haha|happy|hehe|hilarious|joy|laugh|lmao|lol|rofl|roflmao|tear
smileys	🙂		살짝 미소 짓는 얼굴|미소|스마일|얼굴|행복	slightly smiling face|face|happy|slightly|smile|smiling
smileys	🙃		거꾸로 된 얼굴|뒤집힘|미소|얼굴|위아래|헤헤	upside-down face|face|hehe|smile|upside-down
smileys	🫠		녹아 내리는 얼굴|녹는|녹다|녹아내리는|당황한|더운|뜨거운|부끄러운|비웃는|열기|하하하|핫	melting face|disappear|dissolve|embarrassed|face|haha|heat|hot|liquid|lol|melt|melting|sarcasm|sarcastic
smileys	🫫		금이 간 얼굴|갈라지는|금이 간|긴장하는|깨진|드러나는|무너지는|바뀌는|부서지는|허물어지는	cracking face|breaking|crumbling|masking|resilience|reveal|tension|transformation
smileys	😉		윙크하는 얼굴|놀림|섹시|얼굴|윙크|유혹	winking face|face|flirt|heartbreaker|sexy|slide|tease|wink|winking|winks
smileys	😊		미소 짓는 눈으로 살짝 웃는 얼굴|기쁨|눈|눈웃음|눈웃음 지으며 웃는 얼굴|만족|미소|발그레|스마일|얼굴|웃는 얼굴	smiling face with smiling eyes|blush|eye|eyes|face|glad|satisfied|smile|smiling
smileys	😇		후광이 비치는 웃는 얼굴|동화|미소|순수한|스마일|얼굴|웃는 얼굴|웃는 얼굴 천사|천사같은|천사고리가 있는 얼굴	smiling face with halo|angel|angelic|angels|blessed|face|fairy|fairytale|fantasy|halo|happy|innocent|peaceful|smile|smiling|spirit|tale
smileys	🥰		하트와 함께 웃는 얼굴|반한|사랑에 빠진|사랑에 빠진 얼굴|사랑하는|사랑해|스마일|하트|하트 3개와 함께 웃는 얼굴	smiling face with hearts|3|adore|crush|face|heart|hearts|ily|love|romance|smile|smiling|you
smileys	😍		하트 눈 얼굴|느낌|로맨틱|뽀뽀|사랑|사랑해|스마일|얼굴|하트|하트 뿅뿅 얼굴	smiling face with heart-eyes|143|bae|eye|face|feels|heart-eyes|hearts|ily|kisses|love|romance|romantic|smile|xoxo
smileys	🤩		반한 얼굴|반짝이는 눈으로 미소짓는|별 눈|별 모양의 눈|신나는|와우	star-struck|excited|eyes|face|grinning|smile|star|starry-eyed|wow
smileys	😘		키스를 보내는 얼굴|로맨틱|뽀뽀|사랑|사랑스러움|사랑하는 사람|얼굴|연인|키스|키스를 날리는 얼굴|하트	face blowing a kiss|adorbs|bae|blowing|face|flirt|heart|ily|kiss|love|lover|miss|muah|romantic|smooch|xoxo|you
smileys	😗		키스하는 얼굴|데이트|뽀뽀|사랑|사랑해|얼굴|연애|입술을 내민 얼굴|키스	kissing face|143|date|dating|face|flirt|ily|kiss|love|smooch|smooches|xoxo|you
smileys	☺️		웃는 얼굴|미소|스마일|얼굴|웃음|웃음 짓는 얼굴|편안한|행복	smiling face|face|happy|outlined|relaxed|smile|smiling
smileys	😚		눈을 감은 채로 키스하는 얼굴|감은 눈|데이트|발그레|뽀뽀|사랑해|얼굴|연애|연인|키스	kissing face with closed eyes|143|bae|blush|closed|date|dating|eye|eyes|face|flirt|ily|kisses|kissing|smooches|xoxo
smileys	😙		미소 짓는 눈으로 키스하는 얼굴|감은 눈|데이트|뽀뽀|사랑|스마일|얼굴|연애|웃으면서 뽀뽀하는 얼굴|키스	kissing face with smiling eyes|143|closed|date|dating|eye|eyes|face|flirt|ily|kiss|kisses|kissing|love|night|smile|smiling
smileys	🥲		눈물 흘리며 웃는 얼굴|감동|감사|고통|긍지|눈물|미소|안도|자랑|행복	smiling face with tear|face|glad|grateful|happy|joy|pain|proud|relieved|smile|smiley|smiling|tear|touched
smileys	😋		맛있는 음식을 음미하는 얼굴|냠냠|맛있어|맛있어하는 얼굴|미소|배고픈|배부른|얼굴|음|음미|음식	face savoring food|delicious|eat|face|food|full|hungry|savor|smile|smiling|tasty|um|yum|yummy
smileys	😛		혀를 내민 얼굴|달콤|대단해|메롱하는 얼굴|얼굴|파티|혀	face with tongue|awesome|cool|face|nice|party|stuck-out|sweet|tongue
smileys	😜		윙크하면서 혀를 내민 얼굴|괴짜|농담|약간 정신이 나간|얼굴|열광하는|욜로|윙크|윙크하면서 메롱하는 얼굴|이상한|재미있는|혀	winking face with tongue|crazy|epic|eye|face|funny|joke|loopy|nutty|party|stuck-out|tongue|wacky|weirdo|wink|winking|yolo
smileys	🤪		괴짜 얼굴|괴짜|눈|엉뚱한 얼굴|익살스러운 얼굴|장난스러운 눈|정신이 나간|환한 미소	zany face|crazy|eye|eyes|face|goofy|large|small|zany
smileys	😝		눈을 감고 메롱하는 얼굴|끔찍한|눈|눈을 감고 혀를 내민 얼굴|맙소사|맛|아무거나|얼굴|역겨운|오마이갓|욜로|혀	squinting face with tongue|closed|eye|eyes|face|gross|horrible|omg|squinting|stuck-out|taste|tongue|whatever|yolo
smileys	🤑		돈 모양의 입이 있는 얼굴|계산한|돈|얼굴|욕심|입|입에 돈을 물고 있는 얼굴|탐욕	money-mouth face|face|money|money-mouth|mouth|paid
smileys	🤗		포옹하고 있는 얼굴|반가워하는 얼굴|손|얼굴|포옹|환영	smiling face with open hands|face|hands|hug|hugging|open|smiling
smileys	🤭		손으로 입을 가린 얼굴|갑자기 깨달은|비밀|앗|웁스|입을 가리고 웃는 얼굴|충격|큭큭거리는	face with hand over mouth|face|giggle|giggling|hand|mouth|oops|realization|secret|shock|sudden|surprise|whoops
smileys	🫢		눈을 뜨고 손으로 입을 가린 얼굴|감탄|깜짝 놀란 얼굴|놀람|당황|믿기지 않음|서프라이즈|쇼킹|오마이갓|충격	face with open eyes and hand over mouth|amazement|awe|disbelief|embarrass|eyes|face|gasp|hand|mouth|omg|open|over|quiet|scared|shock|surprise
smileys	🫣		한쪽 눈을 가리고 훔쳐보는 얼굴|당황|매료됨|몰래 보는|무서운|부끄러운|빤히 쳐다보기|숨은|훔쳐보기	face with peeking eye|captivated|embarrass|eye|face|hide|hiding|peek|peeking|peep|scared|shy|stare
smileys	🤫		쉿 하는 얼굴|쉿|조용	shushing face|face|quiet|shh|shush|shushing
smileys	🤔		생각하는 얼굴|고려해서|곰곰히|생각 중|생각에 잠긴 얼굴|얼굴|음|턱	thinking face|chin|consider|face|hmm|ponder|pondering|thinking|wondering
smileys	🫡		경례하는 얼굴|경례|군대|굿 럭|네|알았어|응|인사|존경|행운을 빌어|화창	saluting face|face|good|luck|ma’am|ok|respect|salute|saluting|sir|troops|yes
smileys	🤐		지퍼로 입을 잠근 얼굴|말하지 마|비밀|비밀 지켜|얼굴|입|입 다문|지퍼	zipper-mouth face|face|keep|mouth|quiet|secret|shut|zip|zipper|zipper-mouth
smileys	🤨		눈썹을 치켜올린 얼굴|못마땅한|믿을 수 없는|불신|의심|의심하는 얼굴|회의적인	face with raised eyebrow|disapproval|disbelief|distrust|emoji|eyebrow|face|hmm|mild|raised|skeptic|skeptical|skepticism|surprise|what
smileys	😐		덤덤한 얼굴|감동 없는|나쁜|무표정한|부러운|얼굴|오|웃음기없는|정색하는 얼굴|죽음|질투	neutral face|awkward|blank|deadpan|expressionless|face|fine|jealous|meh|neutral|oh|shade|straight|unamused|unhappy|unimpressed|whatever
smileys	😑		무표정한 얼굴|감정없는|나쁜|무표정한|뭐든지|부러운|불행|악|어색한|얼굴|오|죽음|표정 없는 얼굴	expressionless face|awkward|dead|expressionless|face|fine|inexpressive|jealous|meh|not|oh|omg|straight|uh|unhappy|unimpressed|whatever
smileys	😶		입이 없는 얼굴|말이 없는|비밀|얼굴|이상한|입 꾹|입 없음|조용한	face without mouth|awkward|blank|expressionless|face|mouth|mouthless|mute|quiet|secret|silence|silent|speechless
smileys	🫥		테두리가 점선으로 된 얼굴|내성적|보이지 않음|사라짐|숨기|숨은|어쩌라고|우울|우울한|좌절|헐	dotted line face|depressed|disappear|dotted|face|hidden|hide|introvert|invisible|line|meh|whatever|wtv
smileys	😶‍🌫️		공상에 잠긴 얼굴|멍|멍청한 얼굴|멍함|안개 속 얼굴|엉뚱한 생각에 잠긴 얼굴	face in clouds|absentminded|clouds|face|fog|head
smileys	😏		히죽거리는 얼굴|교활한|낄낄거리는|농담|눈썹|멋부리는|바람|보스|웃는 얼굴|음흉한|의심스러운|히죽히죽	smirking face|boss|dapper|face|flirt|homie|kidding|leer|shade|slick|sly|smirk|smug|snicker|suave|suspicious|swag
smileys	😒		지루해하는 얼굴|됐어|부러운|불행|어|얼굴|이상한|재미없어 하는 얼굴|절레절레|지루함|질투|짜증난	unamused face|...|bored|face|fine|jealous|jel|jelly|pissed|smh|ugh|uhh|unamused|unhappy|weird|whatever
smileys	🙄		눈을 굴리고 있는 얼굴|눈|눈 굴리기|눈알|무엇이든|미묘한|얼굴|윽	face with rolling eyes|eyeroll|eyes|face|rolling|shade|ugh|whatever
smileys	😬		찌푸린 얼굴|미소|스마일|아무것도 아님|얼굴|이상함|찡그림|치과의사	grimacing face|awk|awkward|dentist|face|grimace|grimacing|grinning|smile|smiling
smileys	😮‍💨		날숨 쉬는 얼굴|날숨|내쉼|담배|미소|속삭임|안도|입김|지친|한숨|휘파람	face exhaling|blow|blowing|exhale|exhaling|exhausted|face|gasp|groan|relief|sigh|smiley|smoke|whisper|whistle
smileys	🤥		거짓말하는 얼굴|거짓말|거짓말쟁이|얼굴|피노키오	lying face|face|liar|lie|lying|pinocchio
smileys	🫨		요동치는 얼굴|깜짝 놀람|떨고 있음|얼굴|요동침|지진|충격	shaking face|crazy|daze|earthquake|face|omg|panic|shaking|shock|surprise|vibrate|whoa|wow
smileys	🙂‍↔️		도리도리|고개를 흔들다|부정|아니요	head shaking horizontally|head|horizontally|no|shake|shaking
smileys	🙂‍↕️		끄덕끄덕|고개를 끄덕이다|긍정|예|주억거리다	head shaking vertically|head|nod|shaking|vertically|yes
smileys	😌		안심한 얼굴|안도|얼굴|평화|표정	relieved face|calm|face|peace|relief|relieved|zen
smileys	😔		수심 어린 얼굴|낙담|낙담한 얼굴|상실|수심에 찬 얼굴|슬픈|실망한|얼굴|죽은|지루한	pensive face|awful|bored|dejected|died|disappointed|face|losing|lost|pensive|sad|sucks
smileys	😪		졸린 얼굴|슬픈|얼굴|잠|졸림|피곤한	sleepy face|crying|face|good|night|sad|sleep|sleeping|sleepy|tired
smileys	🤤		침 흘리는 얼굴|얼굴|주르륵|침|침흘리기	drooling face|drooling|face
smileys	😴		졸고 있는 얼굴|낮잠|어쨌든|얼굴|자고 있는 얼굴|자는 시간|자는 얼굴|잘자|잠|침대|쿨쿨쿨|하품	sleeping face|bed|bedtime|face|good|goodnight|nap|night|sleep|sleeping|tired|whatever|yawn|zzz
smileys	🫩		다크서클이 있는 얼굴|눈|늦은|다크서클|부종|얼굴|졸린|지루한|지친|피곤한|피로한|힘든	face with bags under eyes|bags|bored|exhausted|eyes|face|fatigued|late|sleepy|tired|weary
smileys	😷		마스크 낀 얼굴|감기|마스크|병균|세균|아픈|약|얼굴|의사|의학|치과의사|피부과 의사|황사	face with medical mask|cold|dentist|dermatologist|doctor|dr|face|germs|mask|medical|medicine|sick
smileys	🤒		체온계를 물고 있는 얼굴|병|아픈|아픔|얼굴|체온계	face with thermometer|face|ill|sick|thermometer
smileys	🤕		머리에 붕대를 감은 얼굴|부상|붕대|상처|상처난|아야|아픈|얼굴	face with head-bandage|bandage|face|head-bandage|hurt|injury|ouch
smileys	🤢		구역질을 하는 얼굴|구토|끔찍한|메스꺼운|속 울렁거림|아픈|얼굴|역겨운|토하기	nauseated face|face|gross|nasty|nauseated|sick|vomit
smileys	🤮		토하는 얼굴|멀미|쏠려|아픈|토|토하는	face vomiting|barf|ew|face|gross|puke|sick|spew|throw|up|vomit|vomiting
smileys	🤧		재채기하는 얼굴|감기|독감|몸조심하세요|아픈|얼굴|에취|열|재채기|휴지	sneezing face|face|fever|flu|gesundheit|sick|sneeze|sneezing
smileys	🥵		더운 얼굴|더운|더워 죽는|더위 먹은|땀 흘리는|빨개진|열나는|헐떡이는	hot face|dying|face|feverish|heat|hot|panting|red-faced|stroke|sweating|tongue
smileys	🥶		추워하는 얼굴|고드름|동상|새파랗게 질린|얼어붙은|이를 떠는|추운	cold face|blue|blue-faced|cold|face|freezing|frostbite|icicles|subzero|teeth
smileys	🥴		헤롱헤롱 얼굴|맛이 간|비뚤거리는 입|어지러운|짝짝이 눈|취한|헤롱거리는	woozy face|dizzy|drunk|eyes|face|intoxicated|mouth|tipsy|uneven|wavy|woozy
smileys	😵		어지러운 얼굴|아픔|어지러움|얼굴|죽음|피곤함	face with crossed-out eyes|crossed-out|dead|dizzy|eyes|face|feels|knocked|out|sick|tired
smileys	😵‍💫		현기증 난 얼굴|나선형 눈|미소|어지럼증|오마이갓|우와|헷갈림|현기증|혼란	face with spiral eyes|confused|dizzy|eyes|face|hypnotized|omg|smiley|spiral|trouble|whoa|woah|woozy
smileys	🤯		폭발하는 얼굴|그럴리 없어|뚜껑 열린 머리|머리 폭발|충격|충격받은	exploding head|blown|explode|exploding|head|mind|mindblown|no|shocked|way
smileys	🤠		카우보이 모자 쓴 얼굴|모자|얼굴|카우걸|카우보이	cowboy hat face|cowboy|cowgirl|face|hat
smileys	🥳		파티하는 얼굴|고깔모자|나팔|모자|생일|신나는|얼굴|축하|파티	partying face|bday|birthday|celebrate|celebration|excited|face|happy|hat|hooray|horn|party|partying
smileys	🥸		변장한 얼굴|가면|눈썹|변장|사람|수염|스파이|안경|얼굴|코|콧수염	disguised face|disguise|eyebrow|face|glasses|incognito|moustache|mustache|nose|person|spy|tache|tash
smileys	😎		선글라스 낀 얼굴|개성있는|눈부신|멋짐|미소|밝은|선글라스|선글라스 끼고 웃는 얼굴|스웩|스타일|안경류|얼굴	smiling face with sunglasses|awesome|beach|bright|bro|chilling|cool|face|rad|relaxed|shades|slay|smile|style|sunglasses|swag|win
smileys	🤓		모범생 얼굴|공부벌레|괴짜|모범생|범생이|샌님|스마트|안경|얼굴|전문가|총명|현명	nerd face|brainy|clever|expert|face|geek|gifted|glasses|intelligent|nerd|smart
smileys	🧐		단안경을 쓴 얼굴|부자|클래식한|화려한	face with monocle|classy|face|fancy|monocle|rich|stuffy|wealthy
smileys	😕		혼란스러워하는 얼굴|모르겠어|몰라|슬퍼|얼굴|정신이 없는|찡그린|헷갈림|혼란스러운|확신없는	confused face|befuddled|confused|confusing|dunno|face|frown|hm|meh|not|sad|sorry|sure
smileys	🫤		입이 한쪽으로 올라간 얼굴|별로|실망|의문|의심|헷갈리는|혼란|확신이 없음|회의적인	face with diagonal mouth|confused|confusion|diagonal|disappointed|doubt|doubtful|face|frustrated|frustration|meh|mouth|skeptical|unsure|whatever|wtv
smileys	😟		걱정스러운 얼굴|걱정|걱정스러움|긴장한|놀람|스트레스|슬픔|얼굴|염려스러운|울렁거림	worried face|anxious|butterflies|face|nerves|nervous|sad|stress|stressed|surprised|worried|worry
smileys	🙁		살짝 찡그린 얼굴|슬픔|얼굴|찡그린 얼굴|찡그림	slightly frowning face|face|frown|frowning|sad|slightly
smileys	☹️		찡그린 얼굴|슬픔|얼굴|찡그림	frowning face|face|frown|frowning|sad
smileys	😮		입벌린 얼굴|놀람|맙소사|믿을 수 없는|얼굴|오마이갓|와|입벌림|잊어버린|충격	face with open mouth|believe|face|forgot|mouth|omg|open|shocked|surprised|sympathy|unbelievable|unreal|whoa|wow|you
smileys	😯		숨죽인 얼굴|놀란|맙소사|망연자실한|먹먹한|숨죽인|숨죽임|얼굴|엄청난|후아	hushed face|epic|face|hushed|omg|stunned|surprised|whoa|woah
smileys	😲		깜짝 놀란 얼굴|놀라움|놀란 얼굴|뭐라구|비용|어이없음|얼굴|오마이갓|충격	astonished face|astonished|cost|face|no|omg|shocked|totally|way
smileys	😳		상기된 얼굴|눈을 크게 뜬 얼굴|달아오른 얼굴|당황스러워|말도 안돼|뭐|붉힌|붉힌열이 오른|상기된|얼굴|얼굴 붉힘|충격적|황당해	flushed face|amazed|awkward|crazy|dazed|dead|disbelief|embarrassed|face|flushed|geez|heat|hot|impressed|jeez|what|wow
smileys	🫪		왜곡된 얼굴|공황|놀람|부은|부푼|불안|충격	distorted face|anxiety|bloated|panic|shocked|surprised|vulnerable
smileys	🥺		애원하는 얼굴|강아지 눈|글썽이는 눈|너무 슬프지 않니|애원하는|자비|자비를 구하는|큰 눈	pleading face|begging|big|eyes|face|mercy|not|pleading|please|pretty|puppy|sad|why
smileys	🥹		눈물을 참는 얼굴|감사|감정|감탄|기쁨의 눈물|당황|슬픔|아|오|울음|자랑스러움|제발	face holding back tears|admiration|aww|back|cry|embarrassed|face|feelings|grateful|gratitude|holding|joy|please|proud|resist|sad|tears
smileys	😦		입 벌리고 찌푸린 얼굴|겁먹은|놀람|무서운|뭐|벌린|얼굴|와우|입|입 벌리고 불쾌한 얼굴|찌푸린 얼굴|허를 찔리다	frowning face with open mouth|caught|face|frown|frowning|guard|mouth|open|scared|scary|surprise|what|wow
smileys	😧		괴로워하는 얼굴|겁먹은|고민이 많은|괴로움|까먹은|놀람|무서운|불행|스트레스|얼굴|와우	anguished face|anguished|face|forgot|scared|scary|stressed|surprise|unhappy|what|wow
smileys	😨		두려워하는 얼굴|걱정스러운|공포|공포에 가득찬 얼굴|두려움|비난|얼굴|염려되는	fearful face|afraid|anxious|blame|face|fear|fearful|scared|worried
smileys	😰		땀 흘리며 불안해하는 얼굴|긴장한|달콤|새파랗게 질린|서두른|식은땀|얼굴|입|추운	anxious face with sweat|anxious|blue|cold|eek|face|mouth|nervous|open|rushed|scared|sweat|yikes
smileys	😥		실망했지만 안도하는 얼굴|구사일생|복잡한|슬픈|실망감|실망하는 얼굴|안도감|얼굴|지금 말고|휴	sad but relieved face|anxious|call|close|complicated|disappointed|face|not|relieved|sad|sweat|time|whew
smileys	😢		우는 얼굴|감정|그리움|끔찍한|눈물|불행|얼굴|울음	crying face|awful|cry|crying|face|feels|miss|sad|tear|triste|unhappy
smileys	😭		엉엉 우는 얼굴|눈물|대성통곡|불행|슬픔|얼굴|엉엉|울음|훌쩍	loudly crying face|bawling|cry|crying|face|loudly|sad|sob|tear|tears|unhappy
smileys	😱		공포에 절규하는 얼굴|공포|두려운|무서운|뭉크|비명|소리 지르는 얼굴|얼굴|충격받은|후아	face screaming in fear|epic|face|fear|fearful|munch|scared|scream|screamer|screaming|shocked|surprised|woah
smileys	😖		당혹한 얼굴|당혹함|당황한 얼굴|민망함|슬픔|어이없음|얼굴|좌절함|짜증남|혼란스러움	confounded face|annoyed|confounded|confused|cringe|distraught|face|feels|frustrated|mad|sad
smileys	😣		참아내는 얼굴|두통|머리아픈|실수한 후 얼굴|얼굴|얼빠짐|인내하는 얼굴|집중하는|초집중	persevering face|concentrate|concentration|face|focus|headache|persevere|persevering
smileys	😞		실망한 얼굴|끔찍한|낙담한|불행|비난|상실|슬픔|실망|실패|얼굴	disappointed face|awful|blame|dejected|disappointed|face|fail|losing|sad|unhappy
smileys	😓		식은땀 흘리는 얼굴|겁먹은|긴장한|느낌|땀흘리는|슬픔|식은땀|아슬아슬한|아이쿠|얼굴	downcast face with sweat|close|cold|downcast|face|feels|headache|nervous|sad|scared|sweat|yikes
smileys	😩		지친 얼굴|배고픈|불행|실패|아니|안돼|얼굴|우는|졸린|지침	weary face|crying|face|fail|feels|hungry|mad|nooo|sad|sleepy|tired|unhappy|weary
smileys	😫		피곤한 얼굴|낮잠|느낌|비용|슬픔|얼굴|재채기|피곤함	tired face|cost|face|feels|nap|sad|sneeze|tired
smileys	🥱		하품하는 얼굴|아무튼|안녕히 주무세요|잘 시간|잘자|지루함|쿨쿨쿨|피곤함|하품	yawning face|bedtime|bored|face|goodnight|nap|night|sleep|sleepy|tired|whatever|yawn|yawning|zzz
smileys	😤		화내며 씩씩거리는 얼굴|느낌|분노|불행|승리감|얼굴|열받은|이겼다|화가난	face with steam from nose|anger|angry|face|feels|fume|fuming|furious|fury|mad|nose|steam|triumph|unhappy|won
smileys	😡		뾰로통한 얼굴|느낌|불행한|뾰로통함|새빨간|얼굴|열받은|화난	enraged face|anger|angry|enraged|face|feels|mad|maddening|pouting|rage|red|shade|unhappy|upset
smileys	😠		화난 얼굴|느낌|분노|불행|비난|얼굴|열받은|좌절|화|황당	angry face|anger|angry|blame|face|feels|frustrated|mad|maddening|rage|shade|unhappy|upset
smileys	🤬		욕하는 얼굴|열받은|욕|욕하는|화난	face with symbols on mouth|censor|cursing|cussing|face|mad|mouth|pissed|swearing|symbols
smileys	😈		머리에 뿔이 달린 웃는 얼굴|동화|미소|뿔|스마일|악마|얼굴|웃는 얼굴	smiling face with horns|demon|devil|evil|face|fairy|fairytale|fantasy|horns|purple|shade|smile|smiling|tale
smileys	👿		머리에 뿔이 달린 화난 얼굴|꼬마 악마|동화|악마|얼굴|판타지	angry face with horns|angry|demon|devil|evil|face|fairy|fairytale|fantasy|horns|imp|mischievous|purple|shade|tale
smileys	💀		해골|나 죽었어|동화|몸|얼굴|요정이야기|욜로|죽음|진짜 웃겨|해골 바가지	skull|body|dead|death|face|fairy|fairytale|i’m|lmao|monster|tale|yolo
smileys	☠️		해골과 뼈다귀|몬스터|뼈|뼈다귀|죽은|죽음|해골	skull and crossbones|bone|crossbones|dead|death|face|monster|skull
smileys	💩		똥|괴물|냄새|냄새가 지독한|똥덩어리|똥무더기|만화|몬스터|아 짜증나|얼굴|코믹	pile of poo|bs|comic|doo|dung|face|fml|monster|pile|poo|poop|smelly|smh|stink|stinks|stinky|turd
smileys	🤡		어릿광대 얼굴|광대|어릿광대|얼굴	clown face|clown|face
smileys	👹		도깨비 가면|가면|괴물|도깨비|도깨비 얼굴|동화|몬스터|무서운|생명체|일본	ogre|creature|devil|face|fairy|fairytale|fantasy|mask|monster|scary|tale
smileys	👺		코주부 도깨비 가면|가면|도깨비|동화|몬스터|심술궂은|얼굴|일본|코주부 도깨비|판타지|화난	goblin|angry|creature|face|fairy|fairytale|fantasy|mask|mean|monster|tale
smileys	👻		유령|고스트|귀신|귀신얼굴|동화|어이없는|얼굴|판타지|할로윈|흥분한	ghost|boo|creature|excited|face|fairy|fairytale|fantasy|halloween|haunting|monster|scary|silly|tale
smileys	👽		외계인|ufo|괴물|동화|몬스터|에일리언|왕눈이|외계생명체|판타지	alien|creature|extraterrestrial|face|fairy|fairytale|fantasy|monster|space|tale|ufo
smileys	👾		에일리언|ufo|게이머|게임|몬스터|생명체|외계 괴물|외계인|우주|우주 침략자|우주생명체|판타지	alien monster|alien|creature|extraterrestrial|face|fairy|fairytale|fantasy|game|gamer|games|monster|pixelated|space|tale|ufo
smileys	🤖		로봇 얼굴|로봇|몬스터|얼굴	robot|face|monster
smileys	😺		활짝 웃는 고양이 얼굴|고양이|동물|벌린|얼굴|입|입벌리고 활짝 웃는 고양이	grinning cat|animal|cat|face|grinning|mouth|open|smile|smiling
smileys	😸		미소 짓는 눈으로 활짝 웃는 고양이 얼굴|고양이|동물|미소|얼굴	grinning cat with smiling eyes|animal|cat|eye|eyes|face|grin|grinning|smile|smiling
smileys	😹		기쁨의 눈물을 흘리는 고양이 얼굴|고양이|기뻐하면서 우는 고양이|기쁨|기쁨의 눈물|눈물|동물|웃음	cat with tears of joy|animal|cat|face|joy|laugh|laughing|lol|tear|tears
smileys	😻		하트 눈 고양이 얼굴|고양이|눈|동물|사랑|사랑에 빠진 고양이|얼굴|하트|하트모양 눈으로 미소짓는 고양이 얼굴	smiling cat with heart-eyes|animal|cat|eye|face|heart|heart-eyes|love|smile|smiling
smileys	😼		썩소 짓는 고양이|고소하다는 웃음 짓는 고양이|고양이|동물|쌤통|아이러니한|얼굴	cat with wry smile|animal|cat|face|ironic|smile|wry
smileys	😽		키스하는 고양이 얼굴|고양이|눈|눈 감고 뽀뽀하는 고양이|동물|뽀뽀|키스	kissing cat|animal|cat|closed|eye|eyes|face|kiss|kissing
smileys	🙀		절규하는 고양이 얼굴|고양이|놀람|동물|맙소사|얼굴|오	weary cat|animal|cat|face|oh|surprised|weary
smileys	😿		울고 있는 고양이 얼굴|고양이|눈물|눈물 흘리는 고양이|동물|슬픈|울고 있는 고양이|훌쩍	crying cat|animal|cat|cry|crying|face|sad|tear
smileys	😾		뾰로통한 고양이 얼굴|고양이|동물|토라진|토라짐	pouting cat|animal|cat|face|pouting
smileys	🙈		눈을 가리고 있는 원숭이|금지|금지된|나쁜것은 보지도 말라|동물|맙소사|무서운|보다|볼수 없음|부끄러워|비밀|손으로 눈을 가린 원숭이|아니|아무것도 안 보려는 원숭이|악마|얼굴|오마이갓|원숭이|제스처	see-no-evil monkey|embarrassed|evil|face|forbidden|forgot|gesture|hide|monkey|no|omg|prohibited|scared|secret|smh|watch
smileys	🙉		귀를 막고 있는 원숭이|금지|나쁜것은 듣지도 말라|동물|듣기|비밀|손으로 귀를 가린 원숭이|쉿|악마|원숭이|제스처	hear-no-evil monkey|animal|ears|evil|face|forbidden|gesture|hear|listen|monkey|no|not|prohibited|secret|shh|tmi
smileys	🙊		입을 막고 있는 원숭이|금지|나쁜것은 말하지도 말라|말하다|비밀|손으로 입을 가린 원숭이|악마|얼굴|웁스|원숭이|제스처|조용한	speak-no-evil monkey|animal|evil|face|forbidden|gesture|monkey|no|not|oops|prohibited|quiet|secret|speak|stealth
people	👋	👋🏻 👋🏼 👋🏽 👋🏾 👋🏿	흔드는 손|거기 있어?|나중에 봐|똑똑|바이|안녕|이따가 봐|잘가|펼친 손|헤이	waving hand|bye|cya|g2g|greetings|gtg|hand|hello|hey|hi|later|outtie|ttfn|ttyl|wave|yo|you
people	🤚	🤚🏻 🤚🏼 🤚🏽 🤚🏾 🤚🏿	손등|들어보이기|손바닥	raised back of hand|back|backhand|hand|raised
people	🖐️	🖐🏻 🖐🏼 🖐🏽 🖐🏾 🖐🏿	쫙 편 손바닥|손|손가락|손바닥|스톱|안녕|인사|정지	hand with fingers splayed|finger|fingers|hand|raised|splayed|stop
people	✋	✋🏻 ✋🏼 ✋🏽 ✋🏾 ✋🏿	손바닥|5|다섯|보|보자기|손들어|하이파이브	raised hand|5|five|hand|high|raised|stop
people	🖖	🖖🏻 🖖🏼 🖖🏽 🖖🏾 🖖🏿	벌칸식 인사|경례|벌컨|벌컨 인사|손|손 모양|손가락|스타트렉|스팍	vulcan salute|finger|hand|hands|salute|vulcan
people	🫱	🫱🏻 🫱🏼 🫱🏽 🫱🏾 🫱🏿	오른쪽으로 향하는 손등|닿다|뻗다|손|악수|오른손|오른쪽|오른쪽 방향|우측|우측 방향|잡다|흔들다	rightwards hand|hand|handshake|hold|reach|right|rightward|rightwards|shake
people	🫲	🫲🏻 🫲🏼 🫲🏽 🫲🏾 🫲🏿	왼쪽으로 향하는 손바닥|뻗다|손|악수|왼손|왼쪽|왼쪽 방향|좌측|좌측 방향|흔들다	leftwards hand|hand|handshake|hold|left|leftward|leftwards|reach|shake
people	🫳	🫳🏻 🫳🏼 🫳🏽 🫳🏾 🫳🏿	손바닥을 아래로 향한 손|그만두다|그만두라는 손|떨어뜨리다|물러나|손|저리 가|줍다|집다|핸드	palm down hand|dismiss|down|drop|dropped|hand|palm|pick|shoo|up
people	🫴	🫴🏻 🫴🏼 🫴🏽 🫴🏾 🫴🏿	손바닥을 위로 향한 손|들다|리프트|말해 줘|몰라|부르는 손|알려줘|이리 와|잡기|제안|핸드	palm up hand|beckon|catch|come|hand|hold|know|lift|me|offer|palm|tell
people	🫷	🫷🏻 🫷🏼 🫷🏽 🫷🏾 🫷🏿	왼쪽으로 밀치는 손|거절|그만|기다려|밀치기|왼쪽 방향|하이 파이브	leftwards pushing hand|block|five|halt|hand|high|hold|leftward|leftwards|pause|push|pushing|refuse|slap|stop|wait
people	🫸	🫸🏻 🫸🏼 🫸🏽 🫸🏾 🫸🏿	오른쪽으로 밀치는 손|거절|그만|기다려|밀치기|오른쪽 방향|하이 파이브	rightwards pushing hand|block|five|halt|hand|high|hold|pause|push|pushing|refuse|rightward|rightwards|slap|stop|wait
people	👌	👌🏻 👌🏼 👌🏽 👌🏾 👌🏿	오케이를 표시한 손|3|ok|꼬집기|내기|당근|돈|바보|셋|손|알겠어|알았어|오케이 신호|좋아|한꼬집	ok hand|awesome|bet|dope|fleek|fosho|got|gotcha|hand|legit|ok|okay|pinch|rad|sure|sweet|three
people	🤌	🤌🏻 🤌🏼 🤌🏽 🤌🏾 🤌🏿	꼬집는 손가락|기다려|꼬집는|릴랙스|뭐|빈정대는|손|손가락|손동작|악|인내|입다물어|진정|질문	pinched fingers|fingers|gesture|hand|hold|huh|interrogation|patience|pinched|relax|sarcastic|ugh|what|zip
people	🤏	🤏🏻 🤏🏼 🤏🏽 🤏🏾 🤏🏿	꼬집는 손|손가락|적은 양을 나타내는 손|조금|한 꼬집	pinching hand|amount|bit|fingers|hand|little|pinching|small|sort
people	✌️	✌🏻 ✌🏼 ✌🏽 ✌🏾 ✌🏿	브이 표시|가위|브이하는 손|빅토리|손|승리|찌|평화	victory hand|hand|peace|v|victory
people	🤞	🤞🏻 🤞🏼 🤞🏽 🤞🏾 🤞🏿	검지와 중지 크로스|검지|교차|손|손가락|중지|크로스|행운	crossed fingers|cross|crossed|finger|fingers|hand|luck
people	🫰	🫰🏻 🫰🏼 🫰🏽 🫰🏾 🫰🏿	엄지와 중지를 교차한 손|너무 비싼|돈|딱딱|머니|비싼|사랑|손|손가락 하트|하트	hand with index finger and thumb crossed|<3|crossed|expensive|finger|hand|heart|index|love|money|snap|thumb
people	🤟	🤟🏻 🤟🏼 🤟🏽 🤟🏾 🤟🏿	사랑을 표시하는 손|사랑 제스처|사랑해|손|손가락 세개	love-you gesture|fingers|gesture|hand|ily|love|love-you|three|you
people	🤘	🤘🏻 🤘🏼 🤘🏽 🤘🏾 🤘🏿	뿔 모양 손짓|락 음악|뿔|손|손 모양|손가락|신남|힙합	sign of the horns|finger|hand|horns|rock-on|sign
people	🤙	🤙🏻 🤙🏼 🤙🏽 🤙🏾 🤙🏿	전화를 걸라는 손 모양|손|손가락|손모양|전화	call me hand|call|hand|hang|loose|me|shaka
people	👈	👈🏻 👈🏼 👈🏽 👈🏾 👈🏿	왼쪽을 가리키는 손등|검지손가락|색인|손|손가락|손가락 왼쪽으로|손가락으로 왼쪽 가리키기|왼쪽|왼쪽을 가리키는 검지손가락|인덱스	backhand index pointing left|backhand|finger|hand|index|left|point|pointing
people	👉	👉🏻 👉🏼 👉🏽 👉🏾 👉🏿	오른쪽을 가리키는 손등|검지손가락|색인|손|손가락|손가락 오른쪽으로|손가락으로 오른쪽 가리키기|손등|오른쪽|오른쪽을 가리키는 검지손가락|인덱스	backhand index pointing right|backhand|finger|hand|index|point|pointing|right
people	👆	👆🏻 👆🏼 👆🏽 👆🏾 👆🏿	위쪽을 가리키는 손등|검지손가락|색인|손|손가락|손가락 위로|손가락으로 위를 가리키기|손가락질|손등|위|위를 가리키는 검지손가락|위쪽|인덱스	backhand index pointing up|backhand|finger|hand|index|point|pointing|up
people	🖕	🖕🏻 🖕🏼 🖕🏽 🖕🏾 🖕🏿	중지|가운데 손가락|손|손가락|욕설	middle finger|finger|hand|middle
people	👇	👇🏻 👇🏼 👇🏽 👇🏾 👇🏿	아래쪽을 가리키는 손등|검지손가락|색인|손가락 아래로|손가락으로 아래를 가리키기|아래|아래를 가리키는 검지손가락|아래쪽|아래쪽을 가리키는 검지손가락	backhand index pointing down|backhand|down|finger|hand|index|point|pointing
people	☝️	☝🏻 ☝🏼 ☝🏽 ☝🏾 ☝🏿	위쪽을 가리키는 손|가리키기|검지|색인|손|손가락|이거|인덱스	index pointing up|finger|hand|index|point|pointing|this|up
people	🫵	🫵🏻 🫵🏼 🫵🏽 🫵🏾 🫵🏿	보는 사람을 가리키는 검지|가리키기|가리키다|너|당신|상대방|손|손가락|찌르다	index pointing at the viewer|at|finger|hand|index|pointing|poke|viewer|you
people	👍	👍🏻 👍🏼 👍🏽 👍🏾 👍🏿	올린 엄지|+1|굿|나이스|당근|따봉|손|엄지|엄지 척|예스|오케이|좋아|좋아요|최고	thumbs up|+1|good|hand|like|thumb|up|yes
people	👎	👎🏻 👎🏼 👎🏽 👎🏾 👎🏿	내린 엄지|-1|싫어요|야유|엄지|좋지 않아|최악	thumbs down|-1|bad|dislike|down|good|hand|no|nope|thumb|thumbs
people	🫹	🫹🏻 🫹🏼 🫹🏽 🫹🏾 🫹🏿	왼쪽을 향한 엄지|가리키다|왼쪽|이것|저것|중립|쥐다	leftwards thumb sign|grip|left|neutral|point|that|this
people	🫺	🫺🏻 🫺🏼 🫺🏽 🫺🏾 🫺🏿	오른쪽을 향한 엄지|가리키다|오른쪽|이것|저것|중립|쥐다	rightwards thumb sign|grip|neutral|point|right|that|this
people	✊	✊🏻 ✊🏼 ✊🏽 ✊🏾 ✊🏿	주먹|꼭 쥐고|묵|바위|손|주먹을 든	raised fist|clenched|fist|hand|punch|raised|solidarity
people	👊	👊🏻 👊🏼 👊🏽 👊🏾 👊🏿	주먹 전면|나중에 얘기해|날라오는 주먹|너클|돌|동의|맹공격|손|주먹|주먹을 꽉진|쾅|틀림없이|펀치	oncoming fist|absolutely|agree|boom|bro|bruh|bump|clenched|correct|fist|hand|knuckle|oncoming|pound|punch|rock|ttyl
people	🤛	🤛🏻 🤛🏼 🤛🏽 🤛🏾 🤛🏿	왼쪽을 향하는 주먹|왼쪽|왼편|주먹	left-facing fist|fist|left-facing|leftwards
people	🤜	🤜🏻 🤜🏼 🤜🏽 🤜🏾 🤜🏿	오른쪽을 향하는 주먹|오른쪽|오른쪽을 향하는|오른편|주먹	right-facing fist|fist|right-facing|rightwards
people	👏	👏🏻 👏🏼 👏🏽 👏🏾 👏🏿	손뼉|기도한|기쁨|대단한|대단해|박수|박수 치기|박수치는 손|손|손뼉 치기|예이|잘했어|축하	clapping hands|applause|approval|awesome|clap|congrats|congratulations|excited|good|great|hand|homie|job|nice|prayed|well|yay
people	🙌	🙌🏻 🙌🏼 🙌🏽 🙌🏾 🙌🏿	만세|두 손을 든 사람|만세 하고 있는 사람|손|제스처|축하|칭찬|하이파이브	raising hands|celebration|gesture|hand|hands|hooray|praise|raised|raising
people	🫶	🫶🏻 🫶🏼 🫶🏽 🫶🏾 🫶🏿	손 하트|러브|사랑|사랑해|손|아이 러브 유	heart hands|<3|hands|heart|love|you
people	👐	👐🏻 👐🏼 👐🏽 👐🏾 👐🏿	양손을 모아서 벌린 모양|두 손 펼치기|벌린|손|재즈 핸드|펼친 두 손|포옹	open hands|hand|hands|hug|jazz|open|swerve
people	🤲	🤲🏻 🤲🏼 🤲🏽 🤲🏾 🤲🏿	내민 두 손|기도|두개|소원|위로 향한 손바닥 두개	palms up together|cupped|dua|hands|palms|pray|prayer|together|up|wish
people	🤝	🤝🏻 🤝🏼 🤝🏽 🤝🏾 🤝🏿	악수|거래|미팅|손|합의|회의	handshake|agreement|deal|hand|meeting|shake
people	🙏	🙏🏻 🙏🏼 🙏🏽 🙏🏾 🙏🏿	기도|감사|고마워|기도하는 사람|꼭|두 손 모아 기도하는 사람|빌께|손|요청|제발|축복|파이브|하이파이브|합장	folded hands|appreciate|ask|beg|blessed|bow|cmon|five|folded|gesture|hand|high|please|pray|thanks|thx
people	✍️	✍🏻 ✍🏼 ✍🏽 ✍🏾 ✍🏿	글을 쓰고 있는 손|글쓰기|손|연필 쥔 손	writing hand|hand|write|writing
people	💅	💅🏻 💅🏼 💅🏽 💅🏾 💅🏿	매니큐어|끝났어|네일 아트|네일 케어|다듬기|메이크업|손톱|손톱 정리|아무거나|지겨워|케어	nail polish|bored|care|cosmetics|done|makeup|manicure|nail|polish|whatever
people	🤳	🤳🏻 🤳🏼 🤳🏽 🤳🏾 🤳🏿	셀카|사진|셀피|카메라|폰	selfie|camera|phone
people	💪	💪🏻 💪🏼 💪🏽 💪🏾 💪🏿	알통|강함|구부린 팔|근육|몸|벤치프레스|보디빌더|야수|역도|이두박근|코믹|팔|헬스장|힘|힘이 센	flexed biceps|arm|beast|bench|biceps|bodybuilder|bro|curls|flex|gains|gym|jacked|muscle|press|ripped|strong|weightlift
people	🦾		기계 팔|인공 팔|접근성	mechanical arm|accessibility|arm|mechanical|prosthetic
people	🦿		인공 다리|인공 기관|접근성	mechanical leg|accessibility|leg|mechanical|prosthetic
people	🦵	🦵🏻 🦵🏼 🦵🏽 🦵🏾 🦵🏿	한쪽 다리|구부린 다리|다리|다리 한쪽|무릎|킥	leg|bent|foot|kick|knee|limb
people	🦶	🦶🏻 🦶🏼 🦶🏽 🦶🏾 🦶🏿	한쪽 발|발|발 한쪽|발구르기|발목|킥	foot|ankle|feet|kick|stomp
people	👂	👂🏻 👂🏼 👂🏽 👂🏾 👂🏿	귀|듣기|리스닝|몸|소리	ear|body|ears|hear|hearing|listen|listening|sound
people	🦻	🦻🏻 🦻🏼 🦻🏽 🦻🏾 🦻🏿	보청기를 낀 귀|접근성|청각장애	ear with hearing aid|accessibility|aid|ear|hard|hearing
people	👃	👃🏻 👃🏼 👃🏽 👃🏾 👃🏿	코|냄새|몸|신체|체취	nose|body|noses|nosey|odor|smell|smells
people	🧠		뇌|머리가 좋은|지적인	brain|intelligent|smart
people	🫀		심장|맥박|빨간|심장학|장기|진짜 심장|해부학	anatomical heart|anatomical|beat|cardiology|heart|heartbeat|organ|pulse|real|red
people	🫁		폐|내쉬기|들이마시기|숨|장기|호흡	lungs|breath|breathe|exhalation|inhalation|lung|organ|respiration
people	🦷		이빨|진주같은|치과|치과의사|치아|하얀|화이트	tooth|dentist|pearly|teeth|white
people	🦴		뼈다귀|개|뼈|스켈레톤|위시본	bone|bones|dog|skeleton|wishbone
people	👀		왕눈이 눈알|구경|구글리|눈|맙소사|몸|보기|신체|얼굴|오마이갓|훔쳐봄	eyes|body|eye|face|googly|look|looking|omg|peep|see|seeing
people	👁️		눈|눈 하나|눈 한개|몸|시력|신체|얼굴|한 눈	eye|1|body|one
people	👅		혀|메롱|몸|신체|핥다	tongue|body|lick|slurp
people	👄		입|립스틱|몸|신체|입술|키스	mouth|beauty|body|kiss|kissing|lips|lipstick
people	🫦		입술을 깨물고 있는 입|걱정|걱정스러운|겁|깨무는|립스틱|바람피는|불안|뽀뽀|섹시|예민한|예민함|초조함|키스|플러팅	biting lip|anxious|bite|biting|fear|flirt|flirting|kiss|lip|lipstick|nervous|sexy|uncomfortable|worried|worry
people	👶	👶🏻 👶🏼 👶🏽 👶🏾 👶🏿	아기|갓난아기|어린|어린이|유아|응애응애|임신	baby|babies|children|goo|infant|newborn|pregnant|young
people	🧒	🧒🏻 🧒🏼 🧒🏽 🧒🏾 🧒🏿	어린이|성중립적인|아이|어린	child|bright-eyed|grandchild|kid|young|younger
people	👦	👦🏻 👦🏼 👦🏽 👦🏾 👦🏿	남자 아이|소년|어린이|젊은	boy|bright-eyed|child|grandson|kid|son|young|younger
people	👧	👧🏻 👧🏼 👧🏽 👧🏾 👧🏿	여자 아이|눈을 반짝이는|딸|소녀|숙녀|젊음	girl|bright-eyed|child|daughter|granddaughter|kid|virgo|young|younger|zodiac
people	🧑	🧑🏻 🧑🏼 🧑🏽 🧑🏾 🧑🏿	사람|성별 없음|성인	person|adult
people	👱	👱🏻 👱🏼 👱🏽 👱🏾 👱🏿	금발인 사람|금발|남자|사람|얼굴|인간	person: blond hair|blond|blond-haired|human|person
people	👨	👨🏻 👨🏼 👨🏽 👨🏾 👨🏿	남자|남성|남자친구|성인|친구	man|adult|bro
people	🧔	🧔🏻 🧔🏼 🧔🏽 🧔🏾 🧔🏿	수염 난 사람|사람|수염	person: beard|beard|bearded|person|whiskers
people	🧔‍♂️	🧔🏻‍♂️ 🧔🏼‍♂️ 🧔🏽‍♂️ 🧔🏾‍♂️ 🧔🏿‍♂️	수염 난 남자|남자|수염	man: beard|beard|bearded|man|whiskers
people	🧔‍♀️	🧔🏻‍♀️ 🧔🏼‍♀️ 🧔🏽‍♀️ 🧔🏾‍♀️ 🧔🏿‍♀️	수염 난 여자|수염|여자	woman: beard|beard|bearded|whiskers|woman
people	👨‍🦰	👨🏻‍🦰 👨🏼‍🦰 👨🏽‍🦰 👨🏾‍🦰 👨🏿‍🦰	남자: 빨간 머리|남성|남자|남자친구|빨간 머리|성인|친구	man: red hair|adult|bro|man|red hair
people	👨‍🦱	👨🏻‍🦱 👨🏼‍🦱 👨🏽‍🦱 👨🏾‍🦱 👨🏿‍🦱	남자: 곱슬머리|곱슬머리|남성|남자|남자친구|성인|친구	man: curly hair|adult|bro|curly hair|man
people	👨‍🦳	👨🏻‍🦳 👨🏼‍🦳 👨🏽‍🦳 👨🏾‍🦳 👨🏿‍🦳	남자: 백발|남성|남자|남자친구|백발|성인|친구	man: white hair|adult|bro|man|white hair
people	👨‍🦲	👨🏻‍🦲 👨🏼‍🦲 👨🏽‍🦲 👨🏾‍🦲 👨🏿‍🦲	남자: 대머리|남성|남자|남자친구|대머리|성인|친구	man: bald|adult|bald|bro|man
people	👩	👩🏻 👩🏼 👩🏽 👩🏾 👩🏿	여자|성인|여성|헤어컷	woman|adult|lady
people	👩‍🦰	👩🏻‍🦰 👩🏼‍🦰 👩🏽‍🦰 👩🏾‍🦰 👩🏿‍🦰	여자: 빨간 머리|빨간 머리|성인|여성|여자|헤어컷	woman: red hair|adult|lady|red hair|woman
people	🧑‍🦰	🧑🏻‍🦰 🧑🏼‍🦰 🧑🏽‍🦰 🧑🏾‍🦰 🧑🏿‍🦰	사람: 빨간 머리|빨간 머리|사람|성별 없음|성인	person: red hair|adult|person|red hair
people	👩‍🦱	👩🏻‍🦱 👩🏼‍🦱 👩🏽‍🦱 👩🏾‍🦱 👩🏿‍🦱	여자: 곱슬머리|곱슬머리|성인|여성|여자|헤어컷	woman: curly hair|adult|curly hair|lady|woman
people	🧑‍🦱	🧑🏻‍🦱 🧑🏼‍🦱 🧑🏽‍🦱 🧑🏾‍🦱 🧑🏿‍🦱	사람: 곱슬머리|곱슬머리|사람|성별 없음|성인	person: curly hair|adult|curly hair|person
people	👩‍🦳	👩🏻‍🦳 👩🏼‍🦳 👩🏽‍🦳 👩🏾‍🦳 👩🏿‍🦳	여자: 백발|백발|성인|여성|여자|헤어컷	woman: white hair|adult|lady|white hair|woman
people	🧑‍🦳	🧑🏻‍🦳 🧑🏼‍🦳 🧑🏽‍🦳 🧑🏾‍🦳 🧑🏿‍🦳	사람: 백발|백발|사람|성별 없음|성인	person: white hair|adult|person|white hair
people	👩‍🦲	👩🏻‍🦲 👩🏼‍🦲 👩🏽‍🦲 👩🏾‍🦲 👩🏿‍🦲	여자: 대머리|대머리|성인|여성|여자|헤어컷	woman: bald|adult|bald|lady|woman
people	🧑‍🦲	🧑🏻‍🦲 🧑🏼‍🦲 🧑🏽‍🦲 🧑🏾‍🦲 🧑🏿‍🦲	사람: 대머리|대머리|사람|성별 없음|성인	person: bald|adult|bald|person
people	👱‍♀️	👱🏻‍♀️ 👱🏼‍♀️ 👱🏽‍♀️ 👱🏾‍♀️ 👱🏿‍♀️	금발 여자|금발|여성|여자	woman: blond hair|blond|blond-haired|blonde|hair|woman
people	👱‍♂️	👱🏻‍♂️ 👱🏼‍♂️ 👱🏽‍♂️ 👱🏾‍♂️ 👱🏿‍♂️	금발 남자|금발|남성|남자	man: blond hair|blond|blond-haired|hair|man
people	🧓	🧓🏻 🧓🏼 🧓🏽 🧓🏾 🧓🏿	노인|성별 없음|성인|성중립적인	older person|adult|elderly|grandparent|old|person|wise
people	👴	👴🏻 👴🏼 👴🏽 👴🏾 👴🏿	할아버지|남성|남자|노인|늙은|대머리|머리가 빠지는|성인|현명한	old man|adult|bald|elderly|gramps|grandfather|grandpa|man|old|wise
people	👵	👵🏻 👵🏼 👵🏽 👵🏾 👵🏿	할머니|금발|노인|늙은|성인|여성|여자|현명한	old woman|adult|elderly|grandma|grandmother|granny|lady|old|wise|woman
people	🙍	🙍🏻 🙍🏼 🙍🏽 🙍🏾 🙍🏿	찌푸린 사람|분노|사람|성가심|실망|약오르는|언짢은|제스처|좌절|짜증|화남	person frowning|annoyed|disappointed|disgruntled|disturbed|frown|frowning|frustrated|gesture|irritated|person|upset
people	🙍‍♂️	🙍🏻‍♂️ 🙍🏼‍♂️ 🙍🏽‍♂️ 🙍🏾‍♂️ 🙍🏿‍♂️	찌푸린 남자|언짢은 남자|얼굴|제스처|찌푸린 사람|찌푸림|찡그림	man frowning|annoyed|disappointed|disgruntled|disturbed|frown|frowning|frustrated|gesture|irritated|man|upset
people	🙍‍♀️	🙍🏻‍♀️ 🙍🏼‍♀️ 🙍🏽‍♀️ 🙍🏾‍♀️ 🙍🏿‍♀️	찌푸린 여자|언짢은 여자|얼굴|제스처|찌푸린 사람|찌푸림|찡그림	woman frowning|annoyed|disappointed|disgruntled|disturbed|frown|frowning|frustrated|gesture|irritated|upset|woman
people	🙎	🙎🏻 🙎🏼 🙎🏽 🙎🏾 🙎🏿	뾰로통한 사람|분노|뾰로통한|샐쭉|실망|울상|제스처|징징거림|찌푸림|찡그림|탄식	person pouting|disappointed|downtrodden|frown|grimace|person|pouting|scowl|sulk|upset|whine
people	🙎‍♂️	🙎🏻‍♂️ 🙎🏼‍♂️ 🙎🏽‍♂️ 🙎🏾‍♂️ 🙎🏿‍♂️	뾰로통한 남자|불만|뾰로통|뿌루퉁|심통|제스처	man pouting|disappointed|downtrodden|frown|grimace|man|pouting|scowl|sulk|upset|whine
people	🙎‍♀️	🙎🏻‍♀️ 🙎🏼‍♀️ 🙎🏽‍♀️ 🙎🏾‍♀️ 🙎🏿‍♀️	뾰로통한 여자|불만|뾰로통|뿌루퉁|심통|제스처	woman pouting|disappointed|downtrodden|frown|grimace|pouting|scowl|sulk|upset|whine|woman
people	🙅	🙅🏻 🙅🏼 🙅🏽 🙅🏾 🙅🏿	안 된다는 제스처를 하는 사람|금지|동작|손|싫어|아니요|안 돼|안된다는 제스처를 하는 사람|안됨|어림없음|절대 안 돼|제스처|제외	person gesturing no|forbidden|gesture|hand|no|not|person|prohibit
people	🙅‍♂️	🙅🏻‍♂️ 🙅🏼‍♂️ 🙅🏽‍♂️ 🙅🏾‍♂️ 🙅🏿‍♂️	안 된다는 제스처를 하는 남자|남자|손|손동작|안 돼|안돼|안된다는 제스처를 하는 남자|엑스자|제스처	man gesturing no|forbidden|gesture|hand|man|no|not|prohibit
people	🙅‍♀️	🙅🏻‍♀️ 🙅🏼‍♀️ 🙅🏽‍♀️ 🙅🏾‍♀️ 🙅🏿‍♀️	안 된다는 제스처를 하는 여자|손동작|안 돼|엑스자	woman gesturing no|forbidden|gesture|hand|no|not|prohibit|woman
people	🙆	🙆🏻 🙆🏼 🙆🏽 🙆🏾 🙆🏿	오케이라는 제스처를 하는 사람|ok|omg|맙소사|손|오케이|오케이 제스처를 하는 사람|운동|제스처|확인	person gesturing ok|exercise|gesture|gesturing|hand|ok|omg|person
people	🙆‍♂️	🙆🏻‍♂️ 🙆🏼‍♂️ 🙆🏽‍♂️ 🙆🏾‍♂️ 🙆🏿‍♂️	오케이라는 제스처를 하는 남자|ok|맙소사|손동작|오케이|좋아	man gesturing ok|exercise|gesture|gesturing|hand|man|ok|omg
people	🙆‍♀️	🙆🏻‍♀️ 🙆🏼‍♀️ 🙆🏽‍♀️ 🙆🏾‍♀️ 🙆🏿‍♀️	오케이라는 제스처를 하는 여자|ok|손동작|오케이|좋아	woman gesturing ok|exercise|gesture|gesturing|hand|ok|omg|woman
people	💁	💁🏻 💁🏼 💁🏽 💁🏾 💁🏿	손바닥 꺾은 사람|가십|데스크 안내원|도움|디바|매력적인|머리 넘기기|머리카락으로 장난치는|멋진|뭐든지|비꼬는|비꼼|빈정댐|손|손을 젖히고 있는 사람|안내 데스크|어쨌든|정보|조소|진심	person tipping hand|fetch|flick|flip|gossip|hand|person|sarcasm|sarcastic|sassy|seriously|tipping|whatever
people	💁‍♂️	💁🏻‍♂️ 💁🏼‍♂️ 💁🏽‍♂️ 💁🏾‍♂️ 💁🏿‍♂️	손바닥 꺾은 남자|매력적인|멋진|비꼬는|손 꺾음|손바닥|얼굴 옆에 손바닥을 위로 향한 남자|젖힌 손	man tipping hand|fetch|flick|flip|gossip|hand|man|sarcasm|sarcastic|sassy|seriously|tipping|whatever
people	💁‍♀️	💁🏻‍♀️ 💁🏼‍♀️ 💁🏽‍♀️ 💁🏾‍♀️ 💁🏿‍♀️	손바닥 꺾은 여자|디바|매력적인|멋진|비꼬는|손 꺾음|손바닥|젖힌 손	woman tipping hand|fetch|flick|flip|gossip|hand|sarcasm|sarcastic|sassy|seriously|tipping|whatever|woman
people	🙋	🙋🏻 🙋🏼 🙋🏽 🙋🏾 🙋🏿	한 손 든 사람|나|날 선택해|도와드릴게요|손|손들기|손들어|손을 든 사람|여기요|저 알아요|저요|제스처|즐거워하는 사람|질문|한 손을 든 사람|한 손을 들고 즐거워하는 사람	person raising hand|gesture|hand|here|know|me|person|pick|question|raise|raising
people	🙋‍♂️	🙋🏻‍♂️ 🙋🏼‍♂️ 🙋🏽‍♂️ 🙋🏾‍♂️ 🙋🏿‍♂️	한 손 든 남자|손들기|여기요|저요|제스처|한 손 든 사람|한손	man raising hand|gesture|hand|here|know|man|me|pick|question|raise|raising
people	🙋‍♀️	🙋🏻‍♀️ 🙋🏼‍♀️ 🙋🏽‍♀️ 🙋🏾‍♀️ 🙋🏿‍♀️	한 손 든 여자|손들기|여기요|저요|제스처|한 손 든 사람|한손	woman raising hand|gesture|hand|here|know|me|pick|question|raise|raising|woman
people	🧏	🧏🏻 🧏🏼 🧏🏽 🧏🏾 🧏🏿	청각 장애가 있는 사람|귀|접근성|청각장애|청각장애인|청력	deaf person|accessibility|deaf|ear|gesture|hear|person
people	🧏‍♂️	🧏🏻‍♂️ 🧏🏼‍♂️ 🧏🏽‍♂️ 🧏🏾‍♂️ 🧏🏿‍♂️	청각장애가 있는 남자|남자|청각장애	deaf man|accessibility|deaf|ear|gesture|hear|man
people	🧏‍♀️	🧏🏻‍♀️ 🧏🏼‍♀️ 🧏🏽‍♀️ 🧏🏾‍♀️ 🧏🏿‍♀️	청각장애가 있는 여자|여자|청각장애	deaf woman|accessibility|deaf|ear|gesture|hear|woman
people	🙇	🙇🏻 🙇🏼 🙇🏽 🙇🏾 🙇🏿	절하는 사람|넙죽|부탁|사과|애원|엎드려 사과하는 사람|용서|절|정중함|큰절|후회	person bowing|apology|ask|beg|bow|bowing|favor|forgive|gesture|meditate|meditation|person|pity|regret|sorry
people	🙇‍♂️	🙇🏻‍♂️ 🙇🏼‍♂️ 🙇🏽‍♂️ 🙇🏾‍♂️ 🙇🏿‍♂️	절하는 남자|넙죽|부탁|사과|애원|엎드려 사과하는 남자|용서|절|정중함|큰절|후회	man bowing|apology|ask|beg|bow|bowing|favor|forgive|gesture|man|meditate|meditation|pity|regret|sorry
people	🙇‍♀️	🙇🏻‍♀️ 🙇🏼‍♀️ 🙇🏽‍♀️ 🙇🏾‍♀️ 🙇🏿‍♀️	절하는 여자|넙죽|부탁|사과|애원|엎드려 사과하는 여자|용서|절|정중함|큰절|후회	woman bowing|apology|ask|beg|bow|bowing|favor|forgive|gesture|meditate|meditation|pity|regret|sorry|woman
people	🤦	🤦🏻 🤦🏼 🤦🏽 🤦🏾 🤦🏿	골치 아파하는 사람|당황|맙소사|분노|불신|세상에|손바닥|얼굴|얼굴에 손바닥을 갖다 댐|이럴 수가|짜증	person facepalming|again|bewilder|disbelief|exasperation|facepalm|no|not|oh|omg|person|shock|smh
people	🤦‍♂️	🤦🏻‍♂️ 🤦🏼‍♂️ 🤦🏽‍♂️ 🤦🏾‍♂️ 🤦🏿‍♂️	골치 아파하는 남자|남자|당황|맙소사|분노|세상에|손바닥|얼굴에 손바닥을 갖다 댐|이럴 수가|이마에 손|짜증	man facepalming|again|bewilder|disbelief|exasperation|facepalm|man|no|not|oh|omg|shock|smh
people	🤦‍♀️	🤦🏻‍♀️ 🤦🏼‍♀️ 🤦🏽‍♀️ 🤦🏾‍♀️ 🤦🏿‍♀️	골치 아파하는 여자|당황|맙소사|분노|세상에|손바닥|얼굴에 손바닥을 갖다 댐|여자|이럴 수가|이마에 손|짜증	woman facepalming|again|bewilder|disbelief|exasperation|facepalm|no|not|oh|omg|shock|smh|woman
people	🤷	🤷🏻 🤷🏼 🤷🏽 🤷🏾 🤷🏿	어깨를 으쓱하는 사람|글쎄|무관심|무슨 상관이야|무시|무식|무지|상관없어|아마도|어깨 으쓱|으쓱|잘 모르겠음	person shrugging|doubt|dunno|guess|idk|ignorance|indifference|knows|maybe|person|shrug|shrugging|whatever|who
people	🤷‍♂️	🤷🏻‍♂️ 🤷🏼‍♂️ 🤷🏽‍♂️ 🤷🏾‍♂️ 🤷🏿‍♂️	어깨를 으쓱하는 남자|글쎄|남자|누가 알겠어|모르겠음|몰라|무관심|무식|무엇이든|무지|아마도|어깨|으쓱|의심	man shrugging|doubt|dunno|guess|idk|ignorance|indifference|knows|man|maybe|shrug|shrugging|whatever|who
people	🤷‍♀️	🤷🏻‍♀️ 🤷🏼‍♀️ 🤷🏽‍♀️ 🤷🏾‍♀️ 🤷🏿‍♀️	어깨를 으쓱하는 여자|글쎄|누가 알겠어|모르겠음|몰라|무관심|무식|무엇이든|무지|아마도|어깨|여자|으쓱|의심	woman shrugging|doubt|dunno|guess|idk|ignorance|indifference|knows|maybe|shrug|shrugging|whatever|who|woman
people	🧑‍⚕️	🧑🏻‍⚕️ 🧑🏼‍⚕️ 🧑🏽‍⚕️ 🧑🏾‍⚕️ 🧑🏿‍⚕️	의료인|간호사|건강관리|의료|의료진|의사|진료|테라피스트	health worker|doctor|health|healthcare|nurse|therapist|worker
people	👨‍⚕️	👨🏻‍⚕️ 👨🏼‍⚕️ 👨🏽‍⚕️ 👨🏾‍⚕️ 👨🏿‍⚕️	남자 의료인|간호사|건강관리|남자|의료|의료인|의료진|의사|진료|테라피스트	man health worker|doctor|health|healthcare|man|nurse|therapist|worker
people	👩‍⚕️	👩🏻‍⚕️ 👩🏼‍⚕️ 👩🏽‍⚕️ 👩🏾‍⚕️ 👩🏿‍⚕️	여자 의료인|간호사|건강관리|여자|의료|의료인|의료진|의사|진료|테라피스트	woman health worker|doctor|health|healthcare|nurse|therapist|woman|worker
people	🧑‍🎓	🧑🏻‍🎓 🧑🏼‍🎓 🧑🏽‍🎓 🧑🏾‍🎓 🧑🏿‍🎓	학생|졸업식|학사모	student|graduate
people	👨‍🎓	👨🏻‍🎓 👨🏼‍🎓 👨🏽‍🎓 👨🏾‍🎓 👨🏿‍🎓	남학생|남자|졸업|졸업식|학사모|학생	man student|graduate|man|student
people	👩‍🎓	👩🏻‍🎓 👩🏼‍🎓 👩🏽‍🎓 👩🏾‍🎓 👩🏿‍🎓	여학생|여자|졸업|졸업식|학사모|학생	woman student|graduate|student|woman
people	🧑‍🏫	🧑🏻‍🏫 🧑🏼‍🏫 🧑🏽‍🏫 🧑🏾‍🏫 🧑🏿‍🏫	교사|강사|강연자|교수|선생님	teacher|instructor|lecturer|professor
people	👨‍🏫	👨🏻‍🏫 👨🏼‍🏫 👨🏽‍🏫 👨🏾‍🏫 👨🏿‍🏫	남교사|강사|강연자|교사|교수|남자|선생님	man teacher|instructor|lecturer|man|professor|teacher
people	👩‍🏫	👩🏻‍🏫 👩🏼‍🏫 👩🏽‍🏫 👩🏾‍🏫 👩🏿‍🏫	여교사|강사|강연자|교사|교수|선생님|여자	woman teacher|instructor|lecturer|professor|teacher|woman
people	🧑‍⚖️	🧑🏻‍⚖️ 🧑🏼‍⚖️ 🧑🏽‍⚖️ 🧑🏾‍⚖️ 🧑🏿‍⚖️	판사|법조인|저울|정의	judge|justice|law|scales
people	👨‍⚖️	👨🏻‍⚖️ 👨🏼‍⚖️ 👨🏽‍⚖️ 👨🏾‍⚖️ 👨🏿‍⚖️	남자 판사|남자|법조인|저울|정의|판사	man judge|judge|justice|law|man|scales
people	👩‍⚖️	👩🏻‍⚖️ 👩🏼‍⚖️ 👩🏽‍⚖️ 👩🏾‍⚖️ 👩🏿‍⚖️	여자 판사|법조인|여자|저울|정의|판사	woman judge|judge|justice|law|scales|woman
people	🧑‍🌾	🧑🏻‍🌾 🧑🏼‍🌾 🧑🏽‍🌾 🧑🏾‍🌾 🧑🏿‍🌾	농부|농사꾼|농장 주인	farmer|gardener|rancher
people	👨‍🌾	👨🏻‍🌾 👨🏼‍🌾 👨🏽‍🌾 👨🏾‍🌾 👨🏿‍🌾	남자 농부|남자|농부|농사꾼|농장 주인|정원사	man farmer|farmer|gardener|man|rancher
people	👩‍🌾	👩🏻‍🌾 👩🏼‍🌾 👩🏽‍🌾 👩🏾‍🌾 👩🏿‍🌾	여자 농부|농부|농사꾼|농장 주인|농장주인|여자|정원사	woman farmer|farmer|gardener|rancher|woman
people	🧑‍🍳	🧑🏻‍🍳 🧑🏼‍🍳 🧑🏽‍🍳 🧑🏾‍🍳 🧑🏿‍🍳	요리사|셰프|주방장	cook|chef
people	👨‍🍳	👨🏻‍🍳 👨🏼‍🍳 👨🏽‍🍳 👨🏾‍🍳 👨🏿‍🍳	남자 요리사|남자|셰프|요리사|주방장	man cook|chef|cook|man
people	👩‍🍳	👩🏻‍🍳 👩🏼‍🍳 👩🏽‍🍳 👩🏾‍🍳 👩🏿‍🍳	여자 요리사|셰프|여자|요리사|주방장	woman cook|chef|cook|woman
people	🧑‍🔧	🧑🏻‍🔧 🧑🏼‍🔧 🧑🏽‍🔧 🧑🏾‍🔧 🧑🏿‍🔧	정비공|배관공|전기 기사	mechanic|electrician|plumber|tradesperson
people	👨‍🔧	👨🏻‍🔧 👨🏼‍🔧 👨🏽‍🔧 👨🏾‍🔧 👨🏿‍🔧	남자 정비공|기술자|남자|배관공|수리공|전기 기사|정비공	man mechanic|electrician|man|mechanic|plumber|tradesperson
people	👩‍🔧	👩🏻‍🔧 👩🏼‍🔧 👩🏽‍🔧 👩🏾‍🔧 👩🏿‍🔧	여자 정비공|기술자|배관공|수리공|여자|전기 기사|정비공	woman mechanic|electrician|mechanic|plumber|tradesperson|woman
people	🧑‍🏭	🧑🏻‍🏭 🧑🏼‍🏭 🧑🏽‍🏭 🧑🏾‍🏭 🧑🏿‍🏭	공장 직원|공업|공장|조립공|직원	factory worker|assembly|factory|industrial|worker
people	👨‍🏭	👨🏻‍🏭 👨🏼‍🏭 👨🏽‍🏭 👨🏾‍🏭 👨🏿‍🏭	공장 남자 직원|공업|공장|남자|노동자|산업|조립공|직원	man factory worker|assembly|factory|industrial|man|worker
people	👩‍🏭	👩🏻‍🏭 👩🏼‍🏭 👩🏽‍🏭 👩🏾‍🏭 👩🏿‍🏭	공장 여자 직원|공업|공장|산업|여자|조립|조립공|직원	woman factory worker|assembly|factory|industrial|woman|worker
people	🧑‍💼	🧑🏻‍💼 🧑🏼‍💼 🧑🏽‍💼 🧑🏾‍💼 🧑🏿‍💼	회사원|건축가|관리자|매니저|사무직|화이트칼라	office worker|architect|business|manager|office|white-collar|worker
people	👨‍💼	👨🏻‍💼 👨🏼‍💼 👨🏽‍💼 👨🏾‍💼 👨🏿‍💼	남자 회사원|건축가|관리자|남자|매니저|비즈니스|비즈니스맨|사무직|화이트칼라	man office worker|architect|business|man|manager|office|white-collar|worker
people	👩‍💼	👩🏻‍💼 👩🏼‍💼 👩🏽‍💼 👩🏾‍💼 👩🏿‍💼	여자 회사원|건축가|관리자|매니저|비즈니스|비즈니스맨|사무실|사업|샐러리맨|여자|화이트칼라	woman office worker|architect|business|manager|office|white-collar|woman|worker
people	🧑‍🔬	🧑🏻‍🔬 🧑🏼‍🔬 🧑🏽‍🔬 🧑🏾‍🔬 🧑🏿‍🔬	과학자|기술자|물리학자|생물학자|수학자|엔지니어|연구자|화학자	scientist|biologist|chemist|engineer|mathematician|physicist
people	👨‍🔬	👨🏻‍🔬 👨🏼‍🔬 👨🏽‍🔬 👨🏾‍🔬 👨🏿‍🔬	남자 과학자|과학자|기술자|남자|물리학자|생물학자|수학자|실험|실험실|엔지니어|연구자|화학자	man scientist|biologist|chemist|engineer|man|mathematician|physicist|scientist
people	👩‍🔬	👩🏻‍🔬 👩🏼‍🔬 👩🏽‍🔬 👩🏾‍🔬 👩🏿‍🔬	여자 과학자|과학자|기술자|물리학자|생물학자|수학자|실험|실험실|엔지니어|여자|연구자|화학자	woman scientist|biologist|chemist|engineer|mathematician|physicist|scientist|woman
people	🧑‍💻	🧑🏻‍💻 🧑🏼‍💻 🧑🏽‍💻 🧑🏾‍💻 🧑🏿‍💻	기술 전문가|개발자|발명가|소프트웨어|컴퓨터|코딩|코딩하는 사람|프로그래머	technologist|coder|computer|developer|inventor|software
people	👨‍💻	👨🏻‍💻 👨🏼‍💻 👨🏽‍💻 👨🏾‍💻 👨🏿‍💻	남자 기술 전문가|개발자|기술 전문가|남자|발명가|소프트웨어|전문가|최신 과학 기술 전문가|컴퓨터|코딩|코딩하는 사람|프로그래머	man technologist|coder|computer|developer|inventor|man|software|technologist
people	👩‍💻	👩🏻‍💻 👩🏼‍💻 👩🏽‍💻 👩🏾‍💻 👩🏿‍💻	여자 기술 전문가|개발자|기술 전문가|발명가|소프트웨어|여자|전문가|최신 과학 기술 전문가|컴퓨터|코딩|코딩하는 사람|프로그래머	woman technologist|coder|computer|developer|inventor|software|technologist|woman
people	🧑‍🎤	🧑🏻‍🎤 🧑🏼‍🎤 🧑🏽‍🎤 🧑🏾‍🎤 🧑🏿‍🎤	가수|노래|록|록스타|마이크|스타|엔터테이너|연예인	singer|actor|entertainer|rock|rockstar|star
people	👨‍🎤	👨🏻‍🎤 👨🏼‍🎤 👨🏽‍🎤 👨🏾‍🎤 👨🏿‍🎤	남자 가수|가수|남자|노래|락|락스타|마이크|배우|스타|엔터테이너|연예인	man singer|actor|entertainer|man|rock|rockstar|singer|star
people	👩‍🎤	👩🏻‍🎤 👩🏼‍🎤 👩🏽‍🎤 👩🏾‍🎤 👩🏿‍🎤	여자 가수|가수|노래|락|락스타|마이크|배우|스타|엔터테이너|여자|연예인	woman singer|actor|entertainer|rock|rockstar|singer|star|woman
people	🧑‍🎨	🧑🏻‍🎨 🧑🏼‍🎨 🧑🏽‍🎨 🧑🏾‍🎨 🧑🏿‍🎨	화가|미술도구|아티스트	artist|palette
people	👨‍🎨	👨🏻‍🎨 👨🏼‍🎨 👨🏽‍🎨 👨🏾‍🎨 👨🏿‍🎨	남자 화가|남자|미술|미술도구|아티스트|예술가|팔레트|화가	man artist|artist|man|palette
people	👩‍🎨	👩🏻‍🎨 👩🏼‍🎨 👩🏽‍🎨 👩🏾‍🎨 👩🏿‍🎨	여자 화가|미술|미술도구|아티스트|여자|예술가|팔레트|화가	woman artist|artist|palette|woman
people	🧑‍✈️	🧑🏻‍✈️ 🧑🏼‍✈️ 🧑🏽‍✈️ 🧑🏾‍✈️ 🧑🏿‍✈️	기장|비행|파일럿	pilot|plane
people	👨‍✈️	👨🏻‍✈️ 👨🏼‍✈️ 👨🏽‍✈️ 👨🏾‍✈️ 👨🏿‍✈️	남자 기장|기장|남자|비행|파일럿	man pilot|man|pilot|plane
people	👩‍✈️	👩🏻‍✈️ 👩🏼‍✈️ 👩🏽‍✈️ 👩🏾‍✈️ 👩🏿‍✈️	여자 기장|기장|비행|여자|파일럿	woman pilot|pilot|plane|woman
people	🧑‍🚀	🧑🏻‍🚀 🧑🏼‍🚀 🧑🏽‍🚀 🧑🏾‍🚀 🧑🏿‍🚀	우주비행사|로켓|우주	astronaut|rocket|space
people	👨‍🚀	👨🏻‍🚀 👨🏼‍🚀 👨🏽‍🚀 👨🏾‍🚀 👨🏿‍🚀	남자 우주비행사|남자|로켓|우주|우주비행사|우주인	man astronaut|astronaut|man|rocket|space
people	👩‍🚀	👩🏻‍🚀 👩🏼‍🚀 👩🏽‍🚀 👩🏾‍🚀 👩🏿‍🚀	여자 우주비행사|로켓|여자|우주|우주비행사|우주인	woman astronaut|astronaut|rocket|space|woman
people	🧑‍🚒	🧑🏻‍🚒 🧑🏼‍🚒 🧑🏽‍🚒 🧑🏾‍🚒 🧑🏿‍🚒	소방관|구조|소방차|화재	firefighter|fire|firetruck
people	👨‍🚒	👨🏻‍🚒 👨🏼‍🚒 👨🏽‍🚒 👨🏾‍🚒 👨🏿‍🚒	남자 소방관|구조|남자|소방관|소방차|화재	man firefighter|fire|firefighter|firetruck|man
people	👩‍🚒	👩🏻‍🚒 👩🏼‍🚒 👩🏽‍🚒 👩🏾‍🚒 👩🏿‍🚒	여자 소방관|구조|소방관|소방차|여자|화재	woman firefighter|fire|firefighter|firetruck|woman
people	👮	👮🏻 👮🏼 👮🏽 👮🏾 👮🏿	경찰관|검거|경찰|구속|법률|수사|신고	police officer|apprehend|arrest|citation|cop|law|officer|over|police|pulled|undercover
people	👮‍♂️	👮🏻‍♂️ 👮🏼‍♂️ 👮🏽‍♂️ 👮🏾‍♂️ 👮🏿‍♂️	남자 경찰관|경찰|경찰관|경찰복|구속|남자|법|법률|순경|신고	man police officer|apprehend|arrest|citation|cop|law|man|officer|over|police|pulled|undercover
people	👮‍♀️	👮🏻‍♀️ 👮🏼‍♀️ 👮🏽‍♀️ 👮🏾‍♀️ 👮🏿‍♀️	여자 경찰관|경찰|경찰관|경찰복|구속|법|법률|순경|신고|여경|여자	woman police officer|apprehend|arrest|citation|cop|law|officer|over|police|pulled|undercover|woman
people	🕵️	🕵🏻 🕵🏼 🕵🏽 🕵🏾 🕵🏿	탐정|스파이|형사	detective|sleuth|spy
people	🕵️‍♂️	🕵🏻‍♂️ 🕵🏼‍♂️ 🕵🏽‍♂️ 🕵🏾‍♂️ 🕵🏿‍♂️	남자 탐정|남자|스파이|탐정|형사	man detective|detective|man|sleuth|spy
people	🕵️‍♀️	🕵🏻‍♀️ 🕵🏼‍♀️ 🕵🏽‍♀️ 🕵🏾‍♀️ 🕵🏿‍♀️	여자 탐정|스파이|여자|여형사|탐정|형사	woman detective|detective|sleuth|spy|woman
people	💂	💂🏻 💂🏼 💂🏽 💂🏾 💂🏿	근위병|경비대|경비대원|런던|버킹엄 궁전|헬멧	guard|buckingham|helmet|london|palace
people	💂‍♂️	💂🏻‍♂️ 💂🏼‍♂️ 💂🏽‍♂️ 💂🏾‍♂️ 💂🏿‍♂️	남자 근위병|경비대|경비대원|근위병|남자|런던|버킹엄 궁전|헬멧	man guard|buckingham|guard|helmet|london|man|palace
people	💂‍♀️	💂🏻‍♀️ 💂🏼‍♀️ 💂🏽‍♀️ 💂🏾‍♀️ 💂🏿‍♀️	여자 근위병|경비대|경비대원|근위병|런던|버킹엄 궁전|여자|헬멧	woman guard|buckingham|guard|helmet|london|palace|woman
people	🥷	🥷🏻 🥷🏼 🥷🏽 🥷🏾 🥷🏿	닌자|군인|기술|몰래 하기|비밀|사람|숨은|싸움|암살자|야비함|전쟁|전투원	ninja|assassin|fight|fighter|hidden|person|secret|skills|sly|soldier|stealth|war
people	👷	👷🏻 👷🏼 👷🏽 👷🏾 👷🏿	건설 노동자|건설|남자|노동|노동자|리모델링|모자|보수|사람|수리|안전모|재건축|헬멧	construction worker|build|construction|fix|hardhat|hat|man|person|rebuild|remodel|repair|work|worker
people	👷‍♂️	👷🏻‍♂️ 👷🏼‍♂️ 👷🏽‍♂️ 👷🏾‍♂️ 👷🏿‍♂️	건설 현장 남자 노동자|건설|남자|노동|노동자|리모델링|모자|보수|수리|안전모|재건축|헬멧	man construction worker|build|construction|fix|hardhat|hat|man|rebuild|remodel|repair|work|worker
people	👷‍♀️	👷🏻‍♀️ 👷🏼‍♀️ 👷🏽‍♀️ 👷🏾‍♀️ 👷🏿‍♀️	건설 현장 여자 노동자|건설|노동|노동자|리모델링|모자|보수|수리|안전모|여자|재건축|헬멧	woman construction worker|build|construction|fix|hardhat|hat|man|rebuild|remodel|repair|woman|work|worker
people	🫅	🫅🏻 🫅🏼 🫅🏽 🫅🏾 🫅🏿	왕관을 쓴 사람|군주|귀족|로열|로열티|여왕|왕|왕관|왕실|왕족|퀸|크라운|킹	person with crown|crown|monarch|noble|person|regal|royal|royalty
people	🤴	🤴🏻 🤴🏼 🤴🏽 🤴🏾 🤴🏿	왕자|로열|왕자님|왕족|프린스	prince|crown|fairy|fairytale|fantasy|king|royal|royalty|tale
people	👸	👸🏻 👸🏼 👸🏽 👸🏾 👸🏿	공주|공주님|동화|여왕|판타지|프린세스	princess|crown|fairy|fairytale|fantasy|queen|royal|royalty|tale
people	👳	👳🏻 👳🏼 👳🏽 👳🏾 👳🏿	터번을 쓰고 있는 사람|무슬림|아랍인|터번|터번 쓴 사람	person wearing turban|person|turban|wearing
people	👳‍♂️	👳🏻‍♂️ 👳🏼‍♂️ 👳🏽‍♂️ 👳🏾‍♂️ 👳🏿‍♂️	터번을 쓰고 있는 남자|무슬림|아랍인|터번|터번 쓴 남자	man wearing turban|man|turban|wearing
people	👳‍♀️	👳🏻‍♀️ 👳🏼‍♀️ 👳🏽‍♀️ 👳🏾‍♀️ 👳🏿‍♀️	터번을 쓰고 있는 여자|무슬림|아랍인|터번|터번 쓴 여자	woman wearing turban|turban|wearing|woman
people	👲	👲🏻 👲🏼 👲🏽 👲🏾 👲🏿	중국 전통 모자를 쓰고 있는 남자|과피모|남자|모자|중국 전통 모자를 쓴 남자	person with skullcap|cap|chinese|gua|guapi|hat|mao|person|pi|skullcap
people	🧕	🧕🏻 🧕🏼 🧕🏽 🧕🏾 🧕🏿	머리에 스카프를 두른 여자|만티야|머리 스카프|반다나|스카프를 두른 여자|티첼|히잡|히잡두른 여자	woman with headscarf|bandana|head|headscarf|hijab|kerchief|mantilla|tichel|woman
people	🤵	🤵🏻 🤵🏼 🤵🏽 🤵🏾 🤵🏿	턱시도를 입은 사람|격식|결혼식|턱시도	person in tuxedo|formal|person|tuxedo|wedding
people	🤵‍♂️	🤵🏻‍♂️ 🤵🏼‍♂️ 🤵🏽‍♂️ 🤵🏾‍♂️ 🤵🏿‍♂️	턱시도를 입은 남자|격식|결혼식|남자|신랑|턱시도	man in tuxedo|formal|groom|man|tuxedo|wedding
people	🤵‍♀️	🤵🏻‍♀️ 🤵🏼‍♀️ 🤵🏽‍♀️ 🤵🏾‍♀️ 🤵🏿‍♀️	턱시도를 입은 여자|격식|결혼식|여자|턱시도	woman in tuxedo|formal|tuxedo|wedding|woman
people	👰	👰🏻 👰🏼 👰🏽 👰🏾 👰🏿	면사포를 쓴 사람|결혼식|면사포|면사포를 쓴 신부|사람|신부	person with veil|person|veil|wedding
people	👰‍♂️	👰🏻‍♂️ 👰🏼‍♂️ 👰🏽‍♂️ 👰🏾‍♂️ 👰🏿‍♂️	면사포를 쓴 남자|결혼식|남자|면사포|베일|베일을 쓴 남자	man with veil|man|veil|wedding
people	👰‍♀️	👰🏻‍♀️ 👰🏼‍♀️ 👰🏽‍♀️ 👰🏾‍♀️ 👰🏿‍♀️	면사포를 쓴 여자|결혼식|면사포|베일|베일을 쓴 여자|신부|여자	woman with veil|bride|veil|wedding|woman
people	🤰	🤰🏻 🤰🏼 🤰🏽 🤰🏾 🤰🏿	임산부|여성|여자|임신|임신부	pregnant woman|pregnant|woman
people	🫃	🫃🏻 🫃🏼 🫃🏽 🫃🏾 🫃🏿	임신한 남자|남자|너무 많이 먹은|배|배가 터질 듯한|부푼|임신|임신한	pregnant man|belly|bloated|full|man|overeat|pregnant
people	🫄	🫄🏻 🫄🏼 🫄🏽 🫄🏾 🫄🏿	임신한 사람|너무 많이 먹은|배|배가 터질 듯한|부푼|임신|임신한	pregnant person|belly|bloated|full|overeat|person|pregnant|stuffed
people	🤱	🤱🏻 🤱🏼 🤱🏽 🤱🏾 🤱🏿	모유 수유|모유|수유|아기	breast-feeding|baby|breast|feeding|mom|mother|nursing|woman
people	👩‍🍼	👩🏻‍🍼 👩🏼‍🍼 👩🏽‍🍼 👩🏾‍🍼 👩🏿‍🍼	수유 중인 여자|갓태어난|내니|보모|사람|사랑|수유|아기|어머니|엄마|여자|유모	woman feeding baby|baby|feed|feeding|mom|mother|nanny|newborn|nursing|woman
people	👨‍🍼	👨🏻‍🍼 👨🏼‍🍼 👨🏽‍🍼 👨🏾‍🍼 👨🏿‍🍼	수유 중인 남자|갓태어난|남성|남자|사랑|수유|아기|아버님|아버지|아빠	man feeding baby|baby|dad|father|feed|feeding|man|nanny|newborn|nursing
people	🧑‍🍼	🧑🏻‍🍼 🧑🏼‍🍼 🧑🏽‍🍼 🧑🏾‍🍼 🧑🏿‍🍼	수유 중인 사람|갓태어난|내니|보모|부모|사람|수유|아기|유모	person feeding baby|baby|feed|feeding|nanny|newborn|nursing|parent
people	👼	👼🏻 👼🏼 👼🏽 👼🏾 👼🏿	아기 천사|교회|동화|아기|얼굴|천사|판타지	baby angel|angel|baby|church|face|fairy|fairytale|fantasy|tale
people	🎅	🎅🏻 🎅🏼 🎅🏽 🎅🏾 🎅🏿	산타클로스|산타|산타 할아버지|아버지|크리스마스|클로스	santa claus|celebration|christmas|claus|fairy|fantasy|father|holiday|merry|santa|tale|xmas
people	🤶	🤶🏻 🤶🏼 🤶🏽 🤶🏾 🤶🏿	산타할머니|산타|산타클로스|엄마|여자|축하|크리스마스|클로스	mrs. claus|celebration|christmas|claus|fairy|fantasy|holiday|merry|mother|mrs|santa|tale|xmas
people	🧑‍🎄	🧑🏻‍🎄 🧑🏼‍🎄 🧑🏽‍🎄 🧑🏾‍🎄 🧑🏿‍🎄	산타|메리 크리스마스|모자|사람|산타클로스|크리스마스|휴일	mx claus|celebration|christmas|claus|fairy|fantasy|holiday|merry|mx|santa|tale|xmas
people	🦸	🦸🏻 🦸🏼 🦸🏽 🦸🏾 🦸🏿	히로인|배트맨|슈퍼맨|슈퍼파워|슈퍼히어로|영웅|정의|초능력|초인|히어로	superhero|good|hero|superpower
people	🦸‍♂️	🦸🏻‍♂️ 🦸🏼‍♂️ 🦸🏽‍♂️ 🦸🏾‍♂️ 🦸🏿‍♂️	남자 히어로|남자|정의|초능력|히어로	man superhero|good|hero|man|superhero|superpower
people	🦸‍♀️	🦸🏻‍♀️ 🦸🏼‍♀️ 🦸🏽‍♀️ 🦸🏾‍♀️ 🦸🏿‍♀️	여자 히어로|여성|정의|초능력|히로인|히어로	woman superhero|good|hero|heroine|superhero|superpower|woman
people	🦹	🦹🏻 🦹🏼 🦹🏽 🦹🏾 🦹🏿	슈퍼 악당|나쁜놈|범죄자|빌런|사람|슈퍼파워|악당|악역|초능력|초인	supervillain|bad|criminal|evil|superpower|villain
people	🦹‍♂️	🦹🏻‍♂️ 🦹🏼‍♂️ 🦹🏽‍♂️ 🦹🏾‍♂️ 🦹🏿‍♂️	남자 슈퍼 악당|나쁜놈|범죄자|빌런|악당|악역|초능력|초인	man supervillain|bad|criminal|evil|man|superpower|supervillain|villain
people	🦹‍♀️	🦹🏻‍♀️ 🦹🏼‍♀️ 🦹🏽‍♀️ 🦹🏾‍♀️ 🦹🏿‍♀️	여자 슈퍼 악당|범죄자|빌런|악당|악역|여자|초능력|초인	woman supervillain|bad|criminal|evil|superpower|supervillain|villain|woman
people	🧙	🧙🏻 🧙🏼 🧙🏽 🧙🏾 🧙🏿	마법사|대마법사|마녀|마법|마술사|소환|역할극|주문|판타지	mage|fantasy|magic|play|sorcerer|sorceress|sorcery|spell|summon|witch|wizard
people	🧙‍♂️	🧙🏻‍♂️ 🧙🏼‍♂️ 🧙🏽‍♂️ 🧙🏾‍♂️ 🧙🏿‍♂️	남자 마법사|대마법사|마법|마법사|마술사|소환|역할극|주문|판타지	man mage|fantasy|mage|magic|man|play|sorcerer|sorceress|sorcery|spell|summon|witch|wizard
people	🧙‍♀️	🧙🏻‍♀️ 🧙🏼‍♀️ 🧙🏽‍♀️ 🧙🏾‍♀️ 🧙🏿‍♀️	여자 마법사|대마법사|마녀|마법|마법사|마술사|소환|역할극|주문|판타지	woman mage|fantasy|mage|magic|play|sorcerer|sorceress|sorcery|spell|summon|witch|wizard|woman
people	🧚	🧚🏻 🧚🏼 🧚🏽 🧚🏾 🧚🏿	요정|날개|동화|신화|판타지|환상	fairy|fairytale|fantasy|myth|person|pixie|tale|wings
people	🧚‍♂️	🧚🏻‍♂️ 🧚🏼‍♂️ 🧚🏽‍♂️ 🧚🏾‍♂️ 🧚🏿‍♂️	남자 요정|날개|동화|신화|요정|판타지|환상	man fairy|fairy|fairytale|fantasy|man|myth|oberon|person|pixie|puck|tale|wings
people	🧚‍♀️	🧚🏻‍♀️ 🧚🏼‍♀️ 🧚🏽‍♀️ 🧚🏾‍♀️ 🧚🏿‍♀️	여자 요정|날개|동화|신화|요정|판타지|환상	woman fairy|fairy|fairytale|fantasy|myth|person|pixie|tale|titania|wings|woman
people	🧛	🧛🏻 🧛🏼 🧛🏽 🧛🏾 🧛🏿	뱀파이어|공포|드라큘라|송곳니|언데드|이빨|코스프레|피|할로윈	vampire|blood|dracula|fangs|halloween|scary|supernatural|teeth|undead
people	🧛‍♂️	🧛🏻‍♂️ 🧛🏼‍♂️ 🧛🏽‍♂️ 🧛🏾‍♂️ 🧛🏿‍♂️	남자 뱀파이어|공포|드라큘라|뱀파이어|송곳니|언데드|이빨|코스프레|피|할로윈	man vampire|blood|fangs|halloween|man|scary|supernatural|teeth|undead|vampire
people	🧛‍♀️	🧛🏻‍♀️ 🧛🏼‍♀️ 🧛🏽‍♀️ 🧛🏾‍♀️ 🧛🏿‍♀️	여자 뱀파이어|공포|드라큘라|뱀파이어|송곳니|언데드|이빨|코스프레|피|할로윈	woman vampire|blood|fangs|halloween|scary|supernatural|teeth|undead|vampire|woman
people	🧜	🧜🏻 🧜🏼 🧜🏽 🧜🏾 🧜🏿	인어|남자 인어|동화|민속|바다 생물|삼지창|세이렌|심해|여자 인어|해저	merperson|creature|fairytale|folklore|ocean|sea|siren|trident
people	🧜‍♂️	🧜🏻‍♂️ 🧜🏼‍♂️ 🧜🏽‍♂️ 🧜🏾‍♂️ 🧜🏿‍♂️	남자 인어|동화|민속|바다 생물|삼지창|세이렌|심해|인어|해저	merman|creature|fairytale|folklore|neptune|ocean|poseidon|sea|siren|trident|triton
people	🧜‍♀️	🧜🏻‍♀️ 🧜🏼‍♀️ 🧜🏽‍♀️ 🧜🏾‍♀️ 🧜🏿‍♀️	여자 인어|동화|민속|바다 생물|삼지창|세이렌|심해|인어|해저	mermaid|creature|fairytale|folklore|merwoman|ocean|sea|siren|trident
people	🧝	🧝🏻 🧝🏼 🧝🏽 🧝🏾 🧝🏿	엘프|마법|신화|요정|전설|판타지	elf|elves|enchantment|fantasy|folklore|magic|magical|myth
people	🧝‍♂️	🧝🏻‍♂️ 🧝🏼‍♂️ 🧝🏽‍♂️ 🧝🏾‍♂️ 🧝🏿‍♂️	남자 엘프|마법|신화|엘프|요정|전설|판타지	man elf|elf|elves|enchantment|fantasy|folklore|magic|magical|man|myth
people	🧝‍♀️	🧝🏻‍♀️ 🧝🏼‍♀️ 🧝🏽‍♀️ 🧝🏾‍♀️ 🧝🏿‍♀️	여자 엘프|마법|신화|엘프|요정|전설|판타지	woman elf|elf|elves|enchantment|fantasy|folklore|magic|magical|myth|woman
people	🧞		지니|램프 문지르기|소원|정령|판타지	genie|djinn|fantasy|jinn|lamp|myth|rub|wishes
people	🧞‍♂️		남자 지니|램프 문지르기|소원|정령|지니|판타지	man genie|djinn|fantasy|genie|jinn|lamp|man|myth|rub|wishes
people	🧞‍♀️		여자 지니|램프 문지르기|소원|정령|지니|판타지	woman genie|djinn|fantasy|genie|jinn|lamp|myth|rub|wishes|woman
people	🧟		좀비|공포|아포칼립스|언데드|워킹 데드|할로윈|호러	zombie|apocalypse|dead|halloween|horror|scary|undead|walking
people	🧟‍♂️		남자 좀비|공포|아포칼립스|언데드|워킹 데드|좀비|할로윈|호러	man zombie|apocalypse|dead|halloween|horror|man|scary|undead|walking|zombie
people	🧟‍♀️		여자 좀비|공포|아포칼립스|언데드|워킹 데드|좀비|할로윈|호러	woman zombie|apocalypse|dead|halloween|horror|scary|undead|walking|woman|zombie
people	🧌		트롤|괴물|동화|몬스터|트롤링|판타지	troll|fairy|fantasy|monster|tale|trolling
people	🫈		털복숭이|거인|괴생명체|빅풋|사스콰치|설인|숲|털	hairy creature|bigfoot|cryptid|forest|giant|hairy|sasquatch|woodwose|yeti
people	💆	💆🏻 💆🏼 💆🏽 💆🏾 💆🏿	마사지 받는 사람|경락|골치아픔|긴장|두통|마사지|마사지를 받는 사람|매끈|살롱|스파|얼굴|요법|이완|치료|테라피|트리트먼트	person getting massage|face|getting|headache|massage|person|relax|relaxing|salon|soothe|spa|tension|therapy|treatment
people	💆‍♂️	💆🏻‍♂️ 💆🏼‍♂️ 💆🏽‍♂️ 💆🏾‍♂️ 💆🏿‍♂️	마사지 받는 남자|관자놀이|두통|마사지|살롱|얼굴|완화|지압	man getting massage|face|getting|headache|man|massage|relax|relaxing|salon|soothe|spa|tension|therapy|treatment
people	💆‍♀️	💆🏻‍♀️ 💆🏼‍♀️ 💆🏽‍♀️ 💆🏾‍♀️ 💆🏿‍♀️	마사지 받는 여자|관자놀이|두통|마사지|살롱|얼굴|완화|지압	woman getting massage|face|getting|headache|massage|relax|relaxing|salon|soothe|spa|tension|therapy|treatment|woman
people	💇	💇🏻 💇🏼 💇🏽 💇🏾 💇🏿	헤어컷|가위와 빗|머리 깎기|머리 손질|머리 정돈|머리카락|머리카락 자름|머리카락을 자르는 사람|미용|미용실|뷰티|스타일|이발|이발소|헤어스타일	person getting haircut|barber|beauty|chop|cosmetology|cut|groom|hair|haircut|parlor|person|shears|style
people	💇‍♂️	💇🏻‍♂️ 💇🏼‍♂️ 💇🏽‍♂️ 💇🏾‍♂️ 💇🏿‍♂️	남자 헤어컷|가위|머리카락 자르는 남자|미용|미용실|뷰티|스타일|헤어컷	man getting haircut|barber|beauty|chop|cosmetology|cut|groom|hair|haircut|man|parlor|person|shears|style
people	💇‍♀️	💇🏻‍♀️ 💇🏼‍♀️ 💇🏽‍♀️ 💇🏾‍♀️ 💇🏿‍♀️	여자 헤어컷|가위|머리카락 자르는 여자|미용|미용실|뷰티|스타일|헤어컷	woman getting haircut|barber|beauty|chop|cosmetology|cut|groom|hair|haircut|parlor|person|shears|style|woman
people	🚶	🚶🏻 🚶🏼 🚶🏽 🚶🏾 🚶🏿	보행자|걷기|걷는 남자|걷는 사람|걸어가는 사람|돌아다니기|보행자용|산책|하이크|하이킹	person walking|amble|gait|hike|man|pace|pedestrian|person|stride|stroll|walk|walking
people	🚶‍♂️	🚶🏻‍♂️ 🚶🏼‍♂️ 🚶🏽‍♂️ 🚶🏾‍♂️ 🚶🏿‍♂️	걷는 남자|걷기|걷는 사람|걸어가는 사람|도보|돌아다니기|보행자|산책|워킹|하이킹	man walking|amble|gait|hike|man|pace|pedestrian|stride|stroll|walk|walking
people	🚶‍♀️	🚶🏻‍♀️ 🚶🏼‍♀️ 🚶🏽‍♀️ 🚶🏾‍♀️ 🚶🏿‍♀️	걷는 여자|걷기|걷는 사람|걸어가는 사람|도보|돌아다니기|보행자|산책|워킹|하이킹	woman walking|amble|gait|hike|man|pace|pedestrian|stride|stroll|walk|walking|woman
people	🚶‍➡️	🚶🏻‍➡️ 🚶🏼‍➡️ 🚶🏽‍➡️ 🚶🏾‍➡️ 🚶🏿‍➡️	보행자: 오른쪽을 향한|걷기|걷는 남자|걷는 사람|걸어가는 사람|돌아다니기|보행자|보행자용|산책|오른쪽을|하이크|하이킹|향한	person walking: facing right|amble|facing|gait|hike|man|pace|pedestrian|person|right|stride|stroll|walk|walking
people	🚶‍♀️‍➡️	🚶🏻‍♀️‍➡️ 🚶🏼‍♀️‍➡️ 🚶🏽‍♀️‍➡️ 🚶🏾‍♀️‍➡️ 🚶🏿‍♀️‍➡️	걷는 여자: 오른쪽을 향한|걷기|걷는 사람|걷는 여자|걸어가는 사람|도보|돌아다니기|보행자|산책|오른쪽을|워킹|하이킹|향한	woman walking: facing right|amble|facing|gait|hike|man|pace|pedestrian|right|stride|stroll|walk|walking|woman
people	🚶‍♂️‍➡️	🚶🏻‍♂️‍➡️ 🚶🏼‍♂️‍➡️ 🚶🏽‍♂️‍➡️ 🚶🏾‍♂️‍➡️ 🚶🏿‍♂️‍➡️	걷는 남자: 오른쪽을 향한|걷기|걷는 남자|걷는 사람|걸어가는 사람|도보|돌아다니기|보행자|산책|오른쪽을|워킹|하이킹|향한	man walking: facing right|amble|facing|gait|hike|man|pace|pedestrian|right|stride|stroll|walk|walking
people	🧍	🧍🏻 🧍🏼 🧍🏽 🧍🏾 🧍🏿	서 있는 사람|서 있는	person standing|person|stand|standing
people	🧍‍♂️	🧍🏻‍♂️ 🧍🏼‍♂️ 🧍🏽‍♂️ 🧍🏾‍♂️ 🧍🏿‍♂️	서 있는 남자|남자|서 있는	man standing|man|stand|standing
people	🧍‍♀️	🧍🏻‍♀️ 🧍🏼‍♀️ 🧍🏽‍♀️ 🧍🏾‍♀️ 🧍🏿‍♀️	서 있는 여자|서 있는|여자	woman standing|stand|standing|woman
people	🧎	🧎🏻 🧎🏼 🧎🏽 🧎🏾 🧎🏿	무릎을 꿇은 사람|무릎을 꿇은	person kneeling|kneel|kneeling|knees|person
people	🧎‍♂️	🧎🏻‍♂️ 🧎🏼‍♂️ 🧎🏽‍♂️ 🧎🏾‍♂️ 🧎🏿‍♂️	무릎을 꿇은 남자|남자|무릎을 꿇은	man kneeling|kneel|kneeling|knees|man
people	🧎‍♀️	🧎🏻‍♀️ 🧎🏼‍♀️ 🧎🏽‍♀️ 🧎🏾‍♀️ 🧎🏿‍♀️	무릎을 꿇은 여자|무릎을 꿇은|여자	woman kneeling|kneel|kneeling|knees|woman
people	🧎‍➡️	🧎🏻‍➡️ 🧎🏼‍➡️ 🧎🏽‍➡️ 🧎🏾‍➡️ 🧎🏿‍➡️	무릎을 꿇은 사람: 오른쪽을 향한|무릎을 꿇은|무릎을 꿇은 사람|오른쪽을|향한	person kneeling: facing right|facing|kneel|kneeling|knees|person|right
people	🧎‍♀️‍➡️	🧎🏻‍♀️‍➡️ 🧎🏼‍♀️‍➡️ 🧎🏽‍♀️‍➡️ 🧎🏾‍♀️‍➡️ 🧎🏿‍♀️‍➡️	무릎을 꿇은 여자: 오른쪽을 향한|무릎을 꿇은|무릎을 꿇은 여자|여자|오른쪽을|향한	woman kneeling: facing right|facing|kneel|kneeling|knees|right|woman
people	🧎‍♂️‍➡️	🧎🏻‍♂️‍➡️ 🧎🏼‍♂️‍➡️ 🧎🏽‍♂️‍➡️ 🧎🏾‍♂️‍➡️ 🧎🏿‍♂️‍➡️	무릎을 꿇은 남자: 오른쪽을 향한|남자|무릎을 꿇은|무릎을 꿇은 남자|오른쪽을|향한	man kneeling: facing right|facing|kneel|kneeling|knees|man|right
people	🧑‍🦯	🧑🏻‍🦯 🧑🏼‍🦯 🧑🏽‍🦯 🧑🏾‍🦯 🧑🏿‍🦯	지팡이를 든 사람|시각장애|접근성	person with white cane|accessibility|blind|cane|person|probing|white
people	🧑‍🦯‍➡️	🧑🏻‍🦯‍➡️ 🧑🏼‍🦯‍➡️ 🧑🏽‍🦯‍➡️ 🧑🏾‍🦯‍➡️ 🧑🏿‍🦯‍➡️	지팡이를 든 사람: 오른쪽을 향한|시각장애|오른쪽을|접근성|지팡이를 든 사람|향한	person with white cane: facing right|accessibility|blind|cane|facing|person|probing|right|white
people	👨‍🦯	👨🏻‍🦯 👨🏼‍🦯 👨🏽‍🦯 👨🏾‍🦯 👨🏿‍🦯	지팡이를 든 남자|남자|시각장애|접근성|지팡이를 든 남자 시각장애인	man with white cane|accessibility|blind|cane|man|probing|white
people	👨‍🦯‍➡️	👨🏻‍🦯‍➡️ 👨🏼‍🦯‍➡️ 👨🏽‍🦯‍➡️ 👨🏾‍🦯‍➡️ 👨🏿‍🦯‍➡️	지팡이를 든 남자: 오른쪽을 향한|남자|시각장애|오른쪽을|접근성|지팡이를 든 남자|지팡이를 든 남자 시각장애인|향한	man with white cane: facing right|accessibility|blind|cane|facing|man|probing|right|white
people	👩‍🦯	👩🏻‍🦯 👩🏼‍🦯 👩🏽‍🦯 👩🏾‍🦯 👩🏿‍🦯	지팡이를 든 여자|시각장애|여자|접근성|지팡이를 든 여자 시각장애인	woman with white cane|accessibility|blind|cane|probing|white|woman
people	👩‍🦯‍➡️	👩🏻‍🦯‍➡️ 👩🏼‍🦯‍➡️ 👩🏽‍🦯‍➡️ 👩🏾‍🦯‍➡️ 👩🏿‍🦯‍➡️	지팡이를 든 여자: 오른쪽을 향한|시각장애|여자|오른쪽을|접근성|지팡이를 든 여자|지팡이를 든 여자 시각장애인|향한	woman with white cane: facing right|accessibility|blind|cane|facing|probing|right|white|woman
people	🧑‍🦼	🧑🏻‍🦼 🧑🏼‍🦼 🧑🏽‍🦼 🧑🏾‍🦼 🧑🏿‍🦼	전동 휠체어를 탄 사람|전동 휠체어|접근성	person in motorized wheelchair|accessibility|motorized|person|wheelchair
people	🧑‍🦼‍➡️	🧑🏻‍🦼‍➡️ 🧑🏼‍🦼‍➡️ 🧑🏽‍🦼‍➡️ 🧑🏾‍🦼‍➡️ 🧑🏿‍🦼‍➡️	전동 휠체어를 탄 사람: 오른쪽을 향한|오른쪽을|전동 휠체어|전동 휠체어를 탄 사람|접근성|향한	person in motorized wheelchair: facing right|accessibility|facing|motorized|person|right|wheelchair
people	👨‍🦼	👨🏻‍🦼 👨🏼‍🦼 👨🏽‍🦼 👨🏾‍🦼 👨🏿‍🦼	전동 휠체어를 탄 남자|남자|접근성|휠체어	man in motorized wheelchair|accessibility|man|motorized|wheelchair
people	👨‍🦼‍➡️	👨🏻‍🦼‍➡️ 👨🏼‍🦼‍➡️ 👨🏽‍🦼‍➡️ 👨🏾‍🦼‍➡️ 👨🏿‍🦼‍➡️	전동 휠체어를 탄 남자: 오른쪽을 향한|남자|오른쪽을|전동 휠체어를 탄 남자|접근성|향한|휠체어	man in motorized wheelchair: facing right|accessibility|facing|man|motorized|right|wheelchair
people	👩‍🦼	👩🏻‍🦼 👩🏼‍🦼 👩🏽‍🦼 👩🏾‍🦼 👩🏿‍🦼	전동 휠체어를 탄 여자|여자|접근성|휠체어	woman in motorized wheelchair|accessibility|motorized|wheelchair|woman
people	👩‍🦼‍➡️	👩🏻‍🦼‍➡️ 👩🏼‍🦼‍➡️ 👩🏽‍🦼‍➡️ 👩🏾‍🦼‍➡️ 👩🏿‍🦼‍➡️	전동 휠체어를 탄 여자: 오른쪽을 향한|여자|오른쪽을|전동 휠체어를 탄 여자|접근성|향한|휠체어	woman in motorized wheelchair: facing right|accessibility|facing|motorized|right|wheelchair|woman
people	🧑‍🦽	🧑🏻‍🦽 🧑🏼‍🦽 🧑🏽‍🦽 🧑🏾‍🦽 🧑🏿‍🦽	수동 휠체어를 탄 사람|수동 휠체어|접근성	person in manual wheelchair|accessibility|manual|person|wheelchair
people	🧑‍🦽‍➡️	🧑🏻‍🦽‍➡️ 🧑🏼‍🦽‍➡️ 🧑🏽‍🦽‍➡️ 🧑🏾‍🦽‍➡️ 🧑🏿‍🦽‍➡️	수동 휠체어를 탄 사람: 오른쪽을 향한|수동 휠체어|수동 휠체어를 탄 사람|오른쪽을|접근성|향한	person in manual wheelchair: facing right|accessibility|facing|manual|person|right|wheelchair
people	👨‍🦽	👨🏻‍🦽 👨🏼‍🦽 👨🏽‍🦽 👨🏾‍🦽 👨🏿‍🦽	수동 휠체어를 탄 남자|남자|접근성|휠체어	man in manual wheelchair|accessibility|man|manual|wheelchair
people	👨‍🦽‍➡️	👨🏻‍🦽‍➡️ 👨🏼‍🦽‍➡️ 👨🏽‍🦽‍➡️ 👨🏾‍🦽‍➡️ 👨🏿‍🦽‍➡️	수동 휠체어를 탄 남자: 오른쪽을 향한|남자|수동 휠체어를 탄 남자|오른쪽을|접근성|향한|휠체어	man in manual wheelchair: facing right|accessibility|facing|man|manual|right|wheelchair
people	👩‍🦽	👩🏻‍🦽 👩🏼‍🦽 👩🏽‍🦽 👩🏾‍🦽 👩🏿‍🦽	수동 휠체어를 탄 여자|여자|접근성|휠체어	woman in manual wheelchair|accessibility|manual|wheelchair|woman
people	👩‍🦽‍➡️	👩🏻‍🦽‍➡️ 👩🏼‍🦽‍➡️ 👩🏽‍🦽‍➡️ 👩🏾‍🦽‍➡️ 👩🏿‍🦽‍➡️	수동 휠체어를 탄 여자: 오른쪽을 향한|수동 휠체어를 탄 여자|여자|오른쪽을|접근성|향한|휠체어	woman in manual wheelchair: facing right|accessibility|facing|manual|right|wheelchair|woman
people	🏃	🏃🏻 🏃🏼 🏃🏽 🏃🏾 🏃🏿	뛰는 사람|경기|급한|달리기|뛰기|런닝|마라토너|마라톤|마라톤 선수|빨리|서두르는|속도|신속|이동|질주	person running|fast|hurry|marathon|move|person|quick|race|racing|run|rush|speed
people	🏃‍♂️	🏃🏻‍♂️ 🏃🏼‍♂️ 🏃🏽‍♂️ 🏃🏾‍♂️ 🏃🏿‍♂️	뛰는 남자|경기|급한|달리기|뛰기|런닝|마라톤|빨리|서두르는|속도|이동|질주	man running|fast|hurry|man|marathon|move|quick|race|racing|run|rush|speed
people	🏃‍♀️	🏃🏻‍♀️ 🏃🏼‍♀️ 🏃🏽‍♀️ 🏃🏾‍♀️ 🏃🏿‍♀️	뛰는 여자|경기|급한|달리기|뛰기|런닝|마라톤|빨리|서두르는|속도|이동|질주	woman running|fast|hurry|marathon|move|quick|race|racing|run|rush|speed|woman
people	🏃‍➡️	🏃🏻‍➡️ 🏃🏼‍➡️ 🏃🏽‍➡️ 🏃🏾‍➡️ 🏃🏿‍➡️	뛰는 사람: 오른쪽을 향한|경기|급한|달리기|뛰기|뛰는 사람|런닝|마라토너|마라톤|마라톤 선수|빨리|서두르는|속도|신속|오른쪽을|이동|질주|향한	person running: facing right|facing|fast|hurry|marathon|move|person|quick|race|racing|right|run|rush|speed
people	🏃‍♀️‍➡️	🏃🏻‍♀️‍➡️ 🏃🏼‍♀️‍➡️ 🏃🏽‍♀️‍➡️ 🏃🏾‍♀️‍➡️ 🏃🏿‍♀️‍➡️	뛰는 여자: 오른쪽을 향한|경기|급한|달리기|뛰기|뛰는 여자|런닝|마라톤|빨리|서두르는|속도|오른쪽을|이동|질주|향한	woman running: facing right|facing|fast|hurry|marathon|move|quick|race|racing|right|run|rush|speed|woman
people	🏃‍♂️‍➡️	🏃🏻‍♂️‍➡️ 🏃🏼‍♂️‍➡️ 🏃🏽‍♂️‍➡️ 🏃🏾‍♂️‍➡️ 🏃🏿‍♂️‍➡️	뛰는 남자: 오른쪽을 향한|경기|급한|달리기|뛰기|뛰는 남자|런닝|마라톤|빨리|서두르는|속도|오른쪽을|이동|질주|향한	man running: facing right|facing|fast|hurry|man|marathon|move|quick|race|racing|right|run|rush|speed
people	🧑‍🩰	🧑🏻‍🩰 🧑🏼‍🩰 🧑🏽‍🩰 🧑🏾‍🩰 🧑🏿‍🩰	발레 무용수|댄서|무용수|발레	ballet dancer|ballet|dancer
people	💃	💃🏻 💃🏼 💃🏽 💃🏾 💃🏿	여자 댄서|그루브|다함께 춤춰요|댄서|댄스|댄싱|살사|엘레강스|여성|여자|재능|축제|춤|춤추는 여자|탱고|플라멩고	woman dancing|dance|dancer|dancing|elegant|festive|flair|flamenco|groove|let’s|salsa|tango|woman
people	🕺	🕺🏻 🕺🏼 🕺🏽 🕺🏾 🕺🏿	남자 댄서|같이 춤춰요|그루브|남성|남자|댄서|댄스|댄싱|살사|여자|우아한|재능|축제|춤|춤추는 남자|탱고|플라멩고	man dancing|dance|dancer|dancing|elegant|festive|flair|flamenco|groove|let’s|man|salsa|tango
people	🕴️	🕴🏻 🕴🏼 🕴🏽 🕴🏾 🕴🏿	공중에 떠 있는 정장 입은 남자|공중부양|남자|비즈니스|정장	person in suit levitating|business|levitating|person|suit
people	👯	👯🏻 👯🏼 👯🏽 👯🏾 👯🏿	토끼 귀를 쓰고 춤추는 사람들|단짝|댄서|더블|바니걸|베스트프렌드|베프|소울메이트|쌍둥이|짝꿍|토끼 귀|파티	people with bunny ears|bestie|bff|bunny|counterpart|dancer|double|ear|identical|pair|party|partying|people|soulmate|twin|twinsies
people	👯‍♂️	👯🏻‍♂️ 👯🏼‍♂️ 👯🏽‍♂️ 👯🏾‍♂️ 👯🏿‍♂️	토끼 귀를 쓰고 춤추는 남자들|귀|남자|댄서|두 남자|토끼|파티	men with bunny ears|bestie|bff|bunny|counterpart|dancer|double|ear|identical|men|pair|party|partying|people|soulmate|twin|twinsies
people	👯‍♀️	👯🏻‍♀️ 👯🏼‍♀️ 👯🏽‍♀️ 👯🏾‍♀️ 👯🏿‍♀️	토끼 귀를 쓰고 춤추는 여자들|단짝|댄서|더블|바니걸|베스트프렌드|베프|소울메이트|쌍둥이|짝꿍|토끼 귀|파티	women with bunny ears|bestie|bff|bunny|counterpart|dancer|double|ear|identical|pair|party|partying|people|soulmate|twin|twinsies|women
people	🧖	🧖🏻 🧖🏼 🧖🏽 🧖🏾 🧖🏿	사우나 하는 사람|데이 스파|럭셔리|목욕|사우나|스파|휴식|휴양	person in steamy room|day|luxurious|pamper|person|relax|room|sauna|spa|steam|steambath|unwind
people	🧖‍♂️	🧖🏻‍♂️ 🧖🏼‍♂️ 🧖🏽‍♂️ 🧖🏾‍♂️ 🧖🏿‍♂️	사우나 하는 남자|데이 스파|럭셔리|목욕|사우나|스파|휴식|휴양	man in steamy room|day|luxurious|man|pamper|relax|room|sauna|spa|steam|steambath|unwind
people	🧖‍♀️	🧖🏻‍♀️ 🧖🏼‍♀️ 🧖🏽‍♀️ 🧖🏾‍♀️ 🧖🏿‍♀️	사우나 하는 여자|데이 스파|럭셔리|목욕|사우나|스파|휴식|휴양	woman in steamy room|day|luxurious|pamper|relax|room|sauna|spa|steam|steambath|unwind|woman
people	🧗	🧗🏻 🧗🏼 🧗🏽 🧗🏾 🧗🏿	클라이밍하는 사람|등반|등산|등산가|산|암벽 등반|암벽 등반가|클라이밍	person climbing|climb|climber|climbing|mountain|person|rock|scale|up
people	🧗‍♂️	🧗🏻‍♂️ 🧗🏼‍♂️ 🧗🏽‍♂️ 🧗🏾‍♂️ 🧗🏿‍♂️	클라이밍하는 남자|등반|등산|등산가|산|암벽 등반|암벽 등반가|클라이밍	man climbing|climb|climber|climbing|man|mountain|rock|scale|up
people	🧗‍♀️	🧗🏻‍♀️ 🧗🏼‍♀️ 🧗🏽‍♀️ 🧗🏾‍♀️ 🧗🏿‍♀️	클라이밍하는 여자|등반|등산|등산가|산|암벽 등반|암벽 등반가|클라이밍	woman climbing|climb|climber|climbing|mountain|rock|scale|up|woman
people	🤺		펜싱하는 사람|검|선수|스포츠|칼|펜싱	person fencing|fencer|fencing|person|sword
people	🏇	🏇🏻 🏇🏼 🏇🏽 🏇🏾 🏇🏿	승마|경마|기수|레이싱|말|말과 기수|스포츠|트리플 크라운	horse racing|horse|jockey|racehorse|racing|riding|sport
people	⛷️		스키 타는 사람|눈|스키|스키타는 사람	skier|ski|snow
people	🏂	🏂🏻 🏂🏼 🏂🏽 🏂🏾 🏂🏿	스노보드 타는 사람|눈|스노보더|스노보드|스키|스포츠|운동	snowboarder|ski|snow|snowboard|sport
people	🏌️	🏌🏻 🏌🏼 🏌🏽 🏌🏾 🏌🏿	골프치는 사람|골퍼|골프|골프 선수|골프 연습장|골프티|공|그린|버디|캐디|퍼트|필드	person golfing|ball|birdie|caddy|driving|golf|golfing|green|person|pga|putt|range|tee
people	🏌️‍♂️	🏌🏻‍♂️ 🏌🏼‍♂️ 🏌🏽‍♂️ 🏌🏾‍♂️ 🏌🏿‍♂️	골프치는 남자|골퍼|골프|골프 선수|골프 연습장|골프티|공|그린|버디|스윙|캐디|퍼트	man golfing|ball|birdie|caddy|driving|golf|golfing|green|man|pga|putt|range|tee
people	🏌️‍♀️	🏌🏻‍♀️ 🏌🏼‍♀️ 🏌🏽‍♀️ 🏌🏾‍♀️ 🏌🏿‍♀️	골프치는 여자|골프|골프선수|공|스윙	woman golfing|ball|birdie|caddy|driving|golf|golfing|green|pga|putt|range|tee|woman
people	🏄	🏄🏻 🏄🏼 🏄🏽 🏄🏾 🏄🏿	서핑하는 사람|바다|서퍼|서핑|스포츠|파도|파도 타기|해변|해양	person surfing|beach|ocean|person|sport|surf|surfer|surfing|swell|waves
people	🏄‍♂️	🏄🏻‍♂️ 🏄🏼‍♂️ 🏄🏽‍♂️ 🏄🏾‍♂️ 🏄🏿‍♂️	서핑하는 남자|바다|서퍼|서핑|서핑보드|수상스포츠|스포츠|파도|파도 타기|해변|해양	man surfing|beach|man|ocean|sport|surf|surfer|surfing|swell|waves
people	🏄‍♀️	🏄🏻‍♀️ 🏄🏼‍♀️ 🏄🏽‍♀️ 🏄🏾‍♀️ 🏄🏿‍♀️	서핑하는 여자|서퍼|서핑|서핑보드|서핑하는 사람|수상스포츠|스포츠|파도|해변	woman surfing|beach|ocean|person|sport|surf|surfer|surfing|swell|waves
people	🚣	🚣🏻 🚣🏼 🚣🏽 🚣🏾 🚣🏿	노젓는 사람|강|낚시|노|노 젓기|노 젓는 보트|뗏목|보트|카누|크루즈|호수	person rowing boat|boat|canoe|cruise|fishing|lake|oar|paddle|person|raft|river|row|rowboat|rowing
people	🚣‍♂️	🚣🏻‍♂️ 🚣🏼‍♂️ 🚣🏽‍♂️ 🚣🏾‍♂️ 🚣🏿‍♂️	노젓는 남자|강|낚시|노|노 젓기|노 젓는 보트|뗏목|보트|카누|크루즈|호수	man rowing boat|boat|canoe|cruise|fishing|lake|man|oar|paddle|raft|river|row|rowboat|rowing
people	🚣‍♀️	🚣🏻‍♀️ 🚣🏼‍♀️ 🚣🏽‍♀️ 🚣🏾‍♀️ 🚣🏿‍♀️	노젓는 여자|강|노|노젓기|노젓는 배|배|보트|크루즈|호수	woman rowing boat|boat|canoe|cruise|fishing|lake|oar|paddle|raft|river|row|rowboat|rowing|woman
people	🏊	🏊🏻 🏊🏼 🏊🏽 🏊🏾 🏊🏿	수영하는 사람|수영|수영 선수|수영장|수영하기|수영하는 남자|스포츠|운동|자유형|철인 3종 경기|트라이애슬론	person swimming|freestyle|person|sport|swim|swimmer|swimming|triathlon
people	🏊‍♂️	🏊🏻‍♂️ 🏊🏼‍♂️ 🏊🏽‍♂️ 🏊🏾‍♂️ 🏊🏿‍♂️	수영하는 남자|수영|수영 선수|수영장|수영하기|스포츠|운동|자유형|철인 3종 경기|트라이애슬론	man swimming|freestyle|man|sport|swim|swimmer|swimming|triathlon
people	🏊‍♀️	🏊🏻‍♀️ 🏊🏼‍♀️ 🏊🏽‍♀️ 🏊🏾‍♀️ 🏊🏿‍♀️	수영하는 여자|수영|수영선수|수영장|수영하는 사람|헤엄	woman swimming|freestyle|man|sport|swim|swimmer|swimming|triathlon
people	⛹️	⛹🏻 ⛹🏼 ⛹🏽 ⛹🏾 ⛹🏿	공을 갖고 있는 사람|공|공 튀기는 사람|농구|농구공|농구선수|드리블|운동 선수|자유투|챔피언십	person bouncing ball|athletic|ball|basketball|bouncing|championship|dribble|net|person|player|throw
people	⛹️‍♂️	⛹🏻‍♂️ ⛹🏼‍♂️ ⛹🏽‍♂️ ⛹🏾‍♂️ ⛹🏿‍♂️	공 가진 남자|공|공 튀기는 남자|공을 갖고 있는 남자|농구|농구공|농구선수|드리블|운동 선수|자유투|챔피언십	man bouncing ball|athletic|ball|basketball|bouncing|championship|dribble|man|net|player|throw
people	⛹️‍♀️	⛹🏻‍♀️ ⛹🏼‍♀️ ⛹🏽‍♀️ ⛹🏾‍♀️ ⛹🏿‍♀️	공 가진 여자|공|공 튀기는 여자|공을 갖고 있는 여자|농구|농구공|농구선수|드리블|운동 선수|자유투|챔피언십	woman bouncing ball|athletic|ball|basketball|bouncing|championship|dribble|net|player|throw|woman
people	🏋️	🏋🏻 🏋🏼 🏋🏽 🏋🏾 🏋🏿	역도 선수|데드리프트|바벨|보디빌더|역도|역도선수|역도하는 사람|운동|웨이트 트레이닝|트레이닝|파워 리프팅	person lifting weights|barbell|bodybuilder|deadlift|lifter|lifting|person|powerlifting|weight|weightlifter|weights|workout
people	🏋️‍♂️	🏋🏻‍♂️ 🏋🏼‍♂️ 🏋🏽‍♂️ 🏋🏾‍♂️ 🏋🏿‍♂️	남자 역도 선수|데드리프트|바벨|보디빌더|역도|역도 선수|역도선수|역도하는 사람|운동|웨이트 트레이닝|트레이닝|파워 리프팅	man lifting weights|barbell|bodybuilder|deadlift|lifter|lifting|man|powerlifting|weight|weightlifter|weights|workout
people	🏋️‍♀️	🏋🏻‍♀️ 🏋🏼‍♀️ 🏋🏽‍♀️ 🏋🏾‍♀️ 🏋🏿‍♀️	여자 역도 선수|여자|역도|역도선수	woman lifting weights|barbell|bodybuilder|deadlift|lifter|lifting|powerlifting|weight|weightlifter|weights|woman|workout
people	🚴	🚴🏻 🚴🏼 🚴🏽 🚴🏾 🚴🏿	자전거 타는 사람|라이딩|바이크|사이클|사이클리스트|스포츠|자전거|자전거 선수|자전거 주행	person biking|bicycle|bicyclist|bike|biking|cycle|cyclist|person|riding|sport
people	🚴‍♂️	🚴🏻‍♂️ 🚴🏼‍♂️ 🚴🏽‍♂️ 🚴🏾‍♂️ 🚴🏿‍♂️	자전거 타는 남자|라이딩|바이크|사이클|사이클리스트|스포츠|자전거|자전거 선수|자전거 주행	man biking|bicycle|bicyclist|bike|biking|cycle|cyclist|man|riding|sport
people	🚴‍♀️	🚴🏻‍♀️ 🚴🏼‍♀️ 🚴🏽‍♀️ 🚴🏾‍♀️ 🚴🏿‍♀️	자전거 타는 여자|라이딩|바이커|바이킹|사이클리스트|선수|스포츠|자전거	woman biking|bicycle|bicyclist|bike|biking|cycle|cyclist|riding|sport|woman
people	🚵	🚵🏻 🚵🏼 🚵🏽 🚵🏾 🚵🏿	산악 자전거 타는 사람|라이딩|바이크|사이클리스트|산|산악 자전거 주행|스포츠|자전거|자전거 타는 사람	person mountain biking|bicycle|bicyclist|bike|biking|cycle|cyclist|mountain|person|riding|sport
people	🚵‍♂️	🚵🏻‍♂️ 🚵🏼‍♂️ 🚵🏽‍♂️ 🚵🏾‍♂️ 🚵🏿‍♂️	산악 자전거 타는 남자|남자|라이딩|바이크|사이클리스트|산|산악 자전거|스포츠|자전거|자전거 타는 남자	man mountain biking|bicycle|bicyclist|bike|biking|cycle|cyclist|man|mountain|riding|sport
people	🚵‍♀️	🚵🏻‍♀️ 🚵🏼‍♀️ 🚵🏽‍♀️ 🚵🏾‍♀️ 🚵🏿‍♀️	산악 자전거 타는 여자|사이클리스트|사이클링|산|산악 자전거|스포츠|여자|자전거	woman mountain biking|bicycle|bicyclist|bike|biking|cycle|cyclist|mountain|riding|sport|woman
people	🤸	🤸🏻 🤸🏼 🤸🏽 🤸🏾 🤸🏿	옆돌기하는 사람|곡예|섬머솔트|옆돌기|체조|풍차돌리기|행복|활동적|활력	person cartwheeling|active|cartwheel|cartwheeling|excited|flip|gymnastics|happy|person|somersault
people	🤸‍♂️	🤸🏻‍♂️ 🤸🏼‍♂️ 🤸🏽‍♂️ 🤸🏾‍♂️ 🤸🏿‍♂️	옆돌기하는 남자|남자|섬머솔트|옆돌기|재주넘기|체조|풍차돌리기|행복|활동적	man cartwheeling|active|cartwheel|cartwheeling|excited|flip|gymnastics|happy|man|somersault
people	🤸‍♀️	🤸🏻‍♀️ 🤸🏼‍♀️ 🤸🏽‍♀️ 🤸🏾‍♀️ 🤸🏿‍♀️	옆돌기하는 여자|섬머솔트|여자|옆돌기|재주넘기|체조|풍차돌리기|행복|활동적	woman cartwheeling|active|cartwheel|cartwheeling|excited|flip|gymnastics|happy|somersault|woman
people	🤼	🤼🏻 🤼🏼 🤼🏽 🤼🏾 🤼🏿	레슬링하는 사람|경기|레슬러|레슬링|레슬링 선수|링|스포츠|전투	people wrestling|combat|duel|grapple|people|ring|tournament|wrestle|wrestling
people	🤼‍♂️	🤼🏻‍♂️ 🤼🏼‍♂️ 🤼🏽‍♂️ 🤼🏾‍♂️ 🤼🏿‍♂️	레슬링하는 남자|결투|경기|남자|레슬러|레슬링|레슬링하는 두 남자|시합	men wrestling|combat|duel|grapple|men|ring|tournament|wrestle|wrestling
people	🤼‍♀️	🤼🏻‍♀️ 🤼🏼‍♀️ 🤼🏽‍♀️ 🤼🏾‍♀️ 🤼🏿‍♀️	레슬링하는 여자|결투|경기|레슬러|레슬링|레슬링하는 두 여자|시합|여자	women wrestling|combat|duel|grapple|ring|tournament|women|wrestle|wrestling
people	🤽	🤽🏻 🤽🏼 🤽🏽 🤽🏾 🤽🏿	수구하는 사람|수구|수상 스포츠|스포츠|워터폴로	person playing water polo|person|playing|polo|sport|swimming|water|waterpolo
people	🤽‍♂️	🤽🏻‍♂️ 🤽🏼‍♂️ 🤽🏽‍♂️ 🤽🏾‍♂️ 🤽🏿‍♂️	수구하는 남자|남자|수구|수상스포츠|수영|수영복|워터폴로	man playing water polo|man|playing|polo|sport|swimming|water|waterpolo
people	🤽‍♀️	🤽🏻‍♀️ 🤽🏼‍♀️ 🤽🏽‍♀️ 🤽🏾‍♀️ 🤽🏿‍♀️	수구하는 여자|수구|수상스포츠|수영|수영복|여자|워터폴로	woman playing water polo|playing|polo|sport|swimming|water|waterpolo|woman
people	🤾	🤾🏻 🤾🏼 🤾🏽 🤾🏾 🤾🏿	핸드볼하는 사람|공놀이|구기종목|던지기|선수|스포츠|운동선수|투구|핸드볼	person playing handball|athletics|ball|catch|chuck|handball|hurl|lob|person|pitch|playing|sport|throw|toss
people	🤾‍♂️	🤾🏻‍♂️ 🤾🏼‍♂️ 🤾🏽‍♂️ 🤾🏾‍♂️ 🤾🏿‍♂️	핸드볼하는 남자|구기종목|남자|스포츠|핸드볼	man playing handball|athletics|ball|catch|chuck|handball|hurl|lob|man|pitch|playing|sport|throw|toss
people	🤾‍♀️	🤾🏻‍♀️ 🤾🏼‍♀️ 🤾🏽‍♀️ 🤾🏾‍♀️ 🤾🏿‍♀️	핸드볼하는 여자|공|구기종목|던지기|스포츠|여자|운동 선수|잡기|투구|핸드볼	woman playing handball|athletics|ball|catch|chuck|handball|hurl|lob|pitch|playing|sport|throw|toss|woman
people	🤹	🤹🏻 🤹🏼 🤹🏽 🤹🏾 🤹🏿	저글링하는 사람|균형|멀티태스크|멀티태스킹|묘기|사람|저글|저글링	person juggling|act|balance|balancing|handle|juggle|juggling|manage|multitask|person|skill
people	🤹‍♂️	🤹🏻‍♂️ 🤹🏼‍♂️ 🤹🏽‍♂️ 🤹🏾‍♂️ 🤹🏿‍♂️	저글링하는 남자|균형|남자|멀티태스크|멀티태스킹|묘기|저글|저글링	man juggling|act|balance|balancing|handle|juggle|juggling|man|manage|multitask|skill
people	🤹‍♀️	🤹🏻‍♀️ 🤹🏼‍♀️ 🤹🏽‍♀️ 🤹🏾‍♀️ 🤹🏿‍♀️	저글링하는 여자|여자|저글|저글링	woman juggling|act|balance|balancing|handle|juggle|juggling|manage|multitask|skill|woman
people	🧘	🧘🏻 🧘🏼 🧘🏽 🧘🏾 🧘🏿	가부좌한 사람|가부좌|다리 꼬기|명상|아빠다리|요가|요기|정좌|참선|평온|평화|휴식	person in lotus position|cross|legged|legs|lotus|meditation|peace|person|position|relax|serenity|yoga|yogi|zen
people	🧘‍♂️	🧘🏻‍♂️ 🧘🏼‍♂️ 🧘🏽‍♂️ 🧘🏾‍♂️ 🧘🏿‍♂️	가부좌한 남자|가부좌|다리 꼬기|명상|아빠다리|요가|요기|정좌|참선|평온|평화|휴식	man in lotus position|cross|legged|legs|lotus|man|meditation|peace|position|relax|serenity|yoga|yogi|zen
people	🧘‍♀️	🧘🏻‍♀️ 🧘🏼‍♀️ 🧘🏽‍♀️ 🧘🏾‍♀️ 🧘🏿‍♀️	가부좌한 여자|가부좌|다리 꼬기|명상|아빠다리|요가|요기|정좌|참선|평온|평화|휴식	woman in lotus position|cross|legged|legs|lotus|meditation|peace|position|relax|serenity|woman|yoga|yogi|zen
people	🛀	🛀🏻 🛀🏼 🛀🏽 🛀🏾 🛀🏿	목욕하는 사람|목욕|욕조	person taking bath|bath|bathtub|person|taking|tub
people	🛌	🛌🏻 🛌🏼 🛌🏽 🛌🏾 🛌🏿	침대에 누운 사람|굿밤|낮잠|안녕히 주무세요|잘 시간|잘자|잠|침대|쿨쿨쿨|피곤|호텔	person in bed|bed|bedtime|good|goodnight|hotel|nap|night|person|sleep|tired|zzz
people	🧑‍🤝‍🧑	🧑🏻‍🤝‍🧑🏻 🧑🏼‍🤝‍🧑🏼 🧑🏽‍🤝‍🧑🏽 🧑🏾‍🤝‍🧑🏾 🧑🏿‍🤝‍🧑🏿	손을 잡고 있는 두 명의 사람|사람|손|손을 잡고|커플	people holding hands|bae|bestie|bff|couple|dating|flirt|friends|hand|hold|people|twins
people	👭	👭🏻 👭🏼 👭🏽 👭🏾 👭🏿	손을 잡고 있는 두 명의 여자|꼭 잡은|데이트|동성 연인|동성 커플|딸들|베스트프렌드|성소수자|손을 잡고 있는 레즈비언 커플|여성 커플|여자|연애|우정|자매|절친|친구|친구들|친한	women holding hands|bae|bestie|bff|couple|dating|flirt|friends|girls|hand|hold|sisters|twins|women
people	👫	👫🏻 👫🏼 👫🏽 👫🏾 👫🏿	손을 잡고 있는 남녀|남녀 커플|데이트|모두|바람|사랑하는|연애|연인|친구|커플	woman and man holding hands|bae|bestie|bff|couple|dating|flirt|friends|hand|hold|man|twins|woman
people	👬	👬🏻 👬🏼 👬🏽 👬🏾 👬🏿	손을 잡고 있는 두 명의 남자|게이|꼭 잡은|남성 커플|남자|데이트|동성 연인|동성 커플|모두|별자리|사랑에 빠진|성소수자|손|손을 잡고 있는 게이 커플|쌍둥이|연애|친구|친구들|커플|퀴어	men holding hands|bae|bestie|bff|boys|brothers|couple|dating|flirt|friends|hand|hold|men|twins
people	💏	💏🏻 💏🏼 💏🏽 💏🏾 💏🏿	키스|기념일|데이트|로맨스|사랑|연애|연인|커플|하트	kiss|anniversary|babe|bae|couple|date|dating|heart|love|mwah|person|romance|together|xoxo
people	👩‍❤️‍💋‍👨	👩🏻‍❤️‍💋‍👨🏻 👩🏼‍❤️‍💋‍👨🏼 👩🏽‍❤️‍💋‍👨🏽 👩🏾‍❤️‍💋‍👨🏾 👩🏿‍❤️‍💋‍👨🏿	키스: 여자 남자|기념일|남자|데이트|로맨스|사랑|여자|연애|연인|커플|키스|하트	kiss: woman, man|anniversary|babe|bae|couple|date|dating|heart|kiss|love|man|mwah|person|romance|together|woman|xoxo
people	👨‍❤️‍💋‍👨	👨🏻‍❤️‍💋‍👨🏻 👨🏼‍❤️‍💋‍👨🏼 👨🏽‍❤️‍💋‍👨🏽 👨🏾‍❤️‍💋‍👨🏾 👨🏿‍❤️‍💋‍👨🏿	키스: 남자 남자|기념일|남자|데이트|로맨스|사랑|연애|연인|커플|키스|하트	kiss: man, man|anniversary|babe|bae|couple|date|dating|heart|kiss|love|man|mwah|person|romance|together|xoxo
people	👩‍❤️‍💋‍👩	👩🏻‍❤️‍💋‍👩🏻 👩🏼‍❤️‍💋‍👩🏼 👩🏽‍❤️‍💋‍👩🏽 👩🏾‍❤️‍💋‍👩🏾 👩🏿‍❤️‍💋‍👩🏿	키스: 여자 여자|기념일|데이트|로맨스|사랑|여자|연애|연인|커플|키스|하트	kiss: woman, woman|anniversary|babe|bae|couple|date|dating|heart|kiss|love|mwah|person|romance|together|woman|xoxo
people	💑	💑🏻 💑🏼 💑🏽 💑🏾 💑🏿	연인|기념일|로맨스|사랑|연애|연애 중|커플|키스|하트|하트가 있는 연인	couple with heart|anniversary|babe|bae|couple|dating|heart|kiss|love|person|relationship|romance|together|you
people	👩‍❤️‍👨	👩🏻‍❤️‍👨🏻 👩🏼‍❤️‍👨🏼 👩🏽‍❤️‍👨🏽 👩🏾‍❤️‍👨🏾 👩🏿‍❤️‍👨🏿	연인: 여자 남자|기념일|남자|로맨스|사랑|여자|연애|연애 중|연인|커플|키스|하트|하트가 있는 연인	couple with heart: woman, man|anniversary|babe|bae|couple|dating|heart|kiss|love|man|person|relationship|romance|together|woman|you
people	👨‍❤️‍👨	👨🏻‍❤️‍👨🏻 👨🏼‍❤️‍👨🏼 👨🏽‍❤️‍👨🏽 👨🏾‍❤️‍👨🏾 👨🏿‍❤️‍👨🏿	연인: 남자 남자|기념일|남자|로맨스|사랑|연애|연애 중|연인|커플|키스|하트|하트가 있는 연인	couple with heart: man, man|anniversary|babe|bae|couple|dating|heart|kiss|love|man|person|relationship|romance|together|you
people	👩‍❤️‍👩	👩🏻‍❤️‍👩🏻 👩🏼‍❤️‍👩🏼 👩🏽‍❤️‍👩🏽 👩🏾‍❤️‍👩🏾 👩🏿‍❤️‍👩🏿	연인: 여자 여자|기념일|로맨스|사랑|여자|연애|연애 중|연인|커플|키스|하트|하트가 있는 연인	couple with heart: woman, woman|anniversary|babe|bae|couple|dating|heart|kiss|love|person|relationship|romance|together|woman|you
people	👨‍👩‍👦		가족: 남자 여자 남자 아이|가족|남자|사람들|아빠|아이|엄마|여자	family: man, woman, boy|boy|child|family|man|woman
people	👨‍👩‍👧		가족: 남자 여자 여자 아이|가족|남자|사람들|아빠|아이|엄마|여자	family: man, woman, girl|child|family|girl|man|woman
people	👨‍👩‍👧‍👦		가족: 남자 여자 여자 아이 남자 아이|가족|남자|사람들|아빠|아이|엄마|여자	family: man, woman, girl, boy|boy|child|family|girl|man|woman
people	👨‍👩‍👦‍👦		가족: 남자 여자 남자 아이 남자 아이|가족|남자|사람들|아빠|아이|엄마|여자	family: man, woman, boy, boy|boy|child|family|man|woman
people	👨‍👩‍👧‍👧		가족: 남자 여자 여자 아이 여자 아이|가족|남자|사람들|아빠|아이|엄마|여자	family: man, woman, girl, girl|child|family|girl|man|woman
people	👨‍👨‍👦		가족: 남자 남자 남자 아이|가족|남자|사람들|아빠|아이|엄마	family: man, man, boy|boy|child|family|man
people	👨‍👨‍👧		가족: 남자 남자 여자 아이|가족|남자|사람들|아빠|아이|엄마|여자 아이	family: man, man, girl|child|family|girl|man
people	👨‍👨‍👧‍👦		가족: 남자 남자 여자 아이 남자 아이|가족|남자|사람들|아빠|아이|엄마|여자 아이	family: man, man, girl, boy|boy|child|family|girl|man
people	👨‍👨‍👦‍👦		가족: 남자 남자 남자 아이 남자 아이|가족|남자|사람들|아빠|아이|엄마	family: man, man, boy, boy|boy|child|family|man
people	👨‍👨‍👧‍👧		가족: 남자 남자 여자 아이 여자 아이|가족|남자|사람들|아빠|아이|엄마|여자 아이	family: man, man, girl, girl|child|family|girl|man
people	👩‍👩‍👦		가족: 여자 여자 남자 아이|가족|남자 아이|사람들|아빠|아이|엄마|여자	family: woman, woman, boy|boy|child|family|woman
people	👩‍👩‍👧		가족: 여자 여자 여자 아이|가족|사람들|아빠|아이|엄마|여자	family: woman, woman, girl|child|family|girl|woman
people	👩‍👩‍👧‍👦		가족: 여자 여자 여자 아이 남자 아이|가족|남자 아이|사람들|아빠|아이|엄마|여자	family: woman, woman, girl, boy|boy|child|family|girl|woman
people	👩‍👩‍👦‍👦		가족: 여자 여자 남자 아이 남자 아이|가족|남자 아이|사람들|아빠|아이|엄마|여자	family: woman, woman, boy, boy|boy|child|family|woman
people	👩‍👩‍👧‍👧		가족: 여자 여자 여자 아이 여자 아이|가족|사람들|아빠|아이|엄마|여자	family: woman, woman, girl, girl|child|family|girl|woman
people	👨‍👦		가족: 남자 남자 아이|가족|남자|사람들|아빠|아이|엄마	family: man, boy|boy|child|family|man
people	👨‍👦‍👦		가족: 남자 남자 아이 남자 아이|가족|남자|사람들|아빠|아이|엄마	family: man, boy, boy|boy|child|family|man
people	👨‍👧		가족: 남자 여자 아이|가족|남자|사람들|아빠|아이|엄마|여자 아이	family: man, girl|child|family|girl|man
people	👨‍👧‍👦		가족: 남자 여자 아이 남자 아이|가족|남자|사람들|아빠|아이|엄마|여자 아이	family: man, girl, boy|boy|child|family|girl|man
people	👨‍👧‍👧		가족: 남자 여자 아이 여자 아이|가족|남자|사람들|아빠|아이|엄마|여자 아이	family: man, girl, girl|child|family|girl|man
people	👩‍👦		가족: 여자 남자 아이|가족|남자 아이|사람들|아빠|아이|엄마|여자	family: woman, boy|boy|child|family|woman
people	👩‍👦‍👦		가족: 여자 남자 아이 남자 아이|가족|남자 아이|사람들|아빠|아이|엄마|여자	family: woman, boy, boy|boy|child|family|woman
people	👩‍👧		가족: 여자 여자 아이|가족|사람들|아빠|아이|엄마|여자	family: woman, girl|child|family|girl|woman
people	👩‍👧‍👦		가족: 여자 여자 아이 남자 아이|가족|남자 아이|사람들|아빠|아이|엄마|여자	family: woman, girl, boy|boy|child|family|girl|woman
people	👩‍👧‍👧		가족: 여자 여자 아이 여자 아이|가족|사람들|아빠|아이|엄마|여자	family: woman, girl, girl|child|family|girl|woman
people	🗣️		말하고 있는 옆얼굴|말하는|말함|머리|실루엣|얼굴	speaking head|face|head|silhouette|speak|speaking
people	👤		사람 그림자|미스테리한|사람|상반신|상체|실루엣	bust in silhouette|bust|mysterious|shadow|silhouette
people	👥		사람들 그림자|사람들|상반신|상체|상체 그림자|영원한 베스트프렌드|친구들	busts in silhouette|bff|bust|busts|everyone|friend|friends|people|silhouette
people	🫂		포옹하는 사람|고마워|굿바이|사랑|안녕|안아주기|우정|이별|잘 가|편안한|포옹|허그	people hugging|comfort|embrace|farewell|friendship|goodbye|hello|hug|hugging|love|people|thanks
people	👪		가족|사람들|아빠|아이|엄마	family|child
people	🧑‍🧑‍🧒		가족: 성인, 성인, 아이|가족|성인|아이	family: adult, adult, child|adult|child|family
people	🧑‍🧑‍🧒‍🧒		가족: 성인, 성인, 아이, 아이|가족|성인|아이	family: adult, adult, child, child|adult|child|family
people	🧑‍🧒		가족: 성인, 아이|가족|성인|아이	family: adult, child|adult|child|family
people	🧑‍🧒‍🧒		가족: 성인, 아이, 아이|가족|성인|아이	family: adult, child, child|adult|child|family
people	👣		발자국|가는 중|걸음|맨발|발|발바닥|의류|족적	footprints|barefoot|clothing|footprint|omw|print|walk
people	🫆		지문|단서|미스터리|범죄|신원|안전|추적|탐정|포렌식|프린트	fingerprint|clue|crime|detective|forensics|identity|mystery|print|safety|trace
nature	🐵		원숭이 얼굴|동물|바나나|얼굴|원숭이|원숭이띠	monkey face|animal|banana|face|monkey
nature	🐒		원숭이|동물	monkey|animal|banana
nature	🦍		고릴라|동물	gorilla|animal
nature	🦧		오랑우탄|동물|원숭이|유인원	orangutan|animal|ape|monkey
nature	🐶		강아지 얼굴|강아지|개|개띠|동물|사랑스러운|애완동물	dog face|adorbs|animal|dog|face|pet|puppies|puppy
nature	🐕		개|강아지|동물|멍멍이|애완동물	dog|animal|animals|dogs|pet
nature	🦮		안내견|시각장애|안내|접근성	guide dog|accessibility|animal|blind|dog|guide
nature	🐕‍🦺		보조견|개|보조|서비스|접근성	service dog|accessibility|animal|assistance|dog|service
nature	🐩		푸들|강아지|개|동물|멍멍이|복실복실한	poodle|animal|dog|fluffy
nature	🐺		늑대 얼굴|늑대|동물|얼굴	wolf|animal|face
nature	🦊		여우 얼굴|동물|얼굴|여우	fox|animal|face
nature	🦝		너구리|동물|라쿤|장난기 있는|호기심	raccoon|animal|curious|sly
nature	🐱		고양이 얼굴|고양이|동물|새끼 고양이|애완동물|얼굴|키티	cat face|animal|cat|face|kitten|kitty|pet
nature	🐈		고양이|괭이|냐옹이|동물|새끼 고양이|애완동물|야옹이|집사	cat|animal|animals|cats|kitten|pet
nature	🐈‍⬛		검은 고양이|검은|고양이|고양이 같은|동물|불길한|불행|야옹|할로윈|핼러윈	black cat|animal|black|cat|feline|halloween|meow|unlucky
nature	🦁		사자 얼굴|갈기|동물|레오|사자|사자자리|사파리|알파|얼굴|으르렁거리는|힘이 센	lion|alpha|animal|face|leo|mane|order|rawr|roar|safari|strong|zodiac
nature	🐯		호랑이 얼굴|동물|얼굴|포식자|호랑이|호랑이띠	tiger face|animal|big|cat|face|predator|tiger
nature	🐅		호랑이|동물|동물원|큰 고양이과 동물|타이거|포식자	tiger|animal|big|cat|predator|zoo
nature	🐆		표범|동물|동물원|레오파드|큰 고양이과 동물|포식자	leopard|animal|big|cat|predator|zoo
nature	🐴		말 얼굴|농장|동물|마장마술|말|말띠|얼굴	horse face|animal|dressage|equine|face|farm|horse|horses
nature	🫎		무스|가지진 뿔|동물|엘크|포유동물	moose|alces|animal|antlers|elk|mammal
nature	🫏		당나귀|고집불통|노새|동물|엉덩이|포유동물	donkey|animal|ass|burro|hinny|mammal|mule|stubborn
nature	🐎		말|경마|동물|레이스|레이싱|벨몬트 스테이크|승마|켄터키 더비|트리플 크라운	horse|animal|equestrian|farm|racehorse|racing
nature	🦄		유니콘 얼굴|얼굴|유니콘	unicorn|face
nature	🦓		얼룩말|줄무늬	zebra|animal|stripe
nature	🦌		사슴|동물	deer|animal
nature	🦬		들소|동물|떼|물소|바이슨	bison|animal|buffalo|herd|wisent
nature	🐮		소 얼굴|농장|동물|소|소띠|우유|음메	cow face|animal|cow|face|farm|milk|moo
nature	🐂		소|농장|동물|별자리|황소|황소자리	ox|animal|animals|bull|farm|taurus|zodiac
nature	🐃		물소|동물|동물원|버팔로|소	water buffalo|animal|buffalo|water|zoo
nature	🐄		젖소|농장|동물|소|우유|음메	cow|animal|animals|farm|milk|moo
nature	🐷		돼지 얼굴|농장|동물|돼지|돼지고기|돼지띠|베이컨|윌버	pig face|animal|bacon|face|farm|pig|pork
nature	🐖		돼지|꿀꿀이|농장|동물|돼지고기|베이컨|암퇘지	pig|animal|bacon|farm|pork|sow
nature	🐗		멧돼지|동물|돼지|피그	boar|animal|pig
nature	🐽		돼지코|꿀꿀|농장|동물|얼굴|주둥이|코	pig nose|animal|face|farm|nose|pig|smell|snout
nature	🐏		숫양|동물|동물원|별자리|양자리	ram|animal|aries|horns|male|sheep|zodiac|zoo
nature	🐑		양|농장|동물|매~|복실복실한|새끼 양|암양|울	ewe|animal|baa|farm|female|fluffy|lamb|sheep|wool
nature	🐐		염소|농장|동물|별자리|염소자리|우유	goat|animal|capricorn|farm|milk|zodiac
nature	🐪		낙타|단봉 낙타|동물|사막|혹	camel|animal|desert|dromedary|hump|one
nature	🐫		쌍봉 낙타|낙타|동물|쌍봉|혹	two-hump camel|animal|bactrian|camel|desert|hump|two|two-hump
nature	🦙		라마|과나코|동물|비큐나|알파카|울	llama|alpaca|animal|guanaco|vicuña|wool
nature	🦒		기린|동물|얼룩|점	giraffe|animal|spots
nature	🐘		코끼리|동물	elephant|animal
nature	🦣		매머드|동물|맘모스|멸종|상아|큰|털복숭이 맘모스|털북숭이	mammoth|animal|extinction|large|tusk|wooly
nature	🦏		코뿔소|동물	rhinoceros|animal
nature	🦛		하마|동물	hippopotamus|animal|hippo
nature	🐭		쥐 얼굴|동물|얼굴|쥐|쥐띠	mouse face|animal|face|mouse
nature	🐁		생쥐|동물|마우스|쥐|흰쥐	mouse|animal|animals
nature	🐀		쥐|동물|생쥐	rat|animal
nature	🐹		햄스터 얼굴|동물|애완동물|얼굴|햄스터	hamster|animal|face|pet
nature	🐰		토끼 얼굴|동물|버니|애완동물|얼굴|토끼|토끼띠	rabbit face|animal|bunny|face|pet|rabbit
nature	🐇		토끼|동물|버니|애완동물|토깽이	rabbit|animal|bunny|pet
nature	🐿️		얼룩다람쥐|다람쥐	chipmunk|animal|squirrel
nature	🦫		비버|댐|동물|이빨	beaver|animal|dam|teeth
nature	🦔		고슴도치|가시|뾰족뾰족	hedgehog|animal|spiny
nature	🦇		박쥐|동물|뱀파이어	bat|animal|vampire
nature	🐻		곰 얼굴|곰|곰돌이|꿀|동물|으르렁거리는|회색곰	bear|animal|face|grizzly|growl|honey
nature	🐻‍❄️		북극곰|곰|동물|백곰|북극|흰곰	polar bear|animal|arctic|bear|polar|white
nature	🐨		코알라|동물|오스트레일리아|유대목|호주	koala|animal|australia|bear|down|face|marsupial|under
nature	🐼		판다 얼굴|대나무|동물|얼굴|판다|판다곰	panda|animal|bamboo|face
nature	🦥		나무늘보|게으른|느린	sloth|lazy|slow
nature	🦦		수달|낚시|물고기 사냥|장난꾸러기	otter|animal|fishing|playful
nature	🦨		스컹크|냄새가 고약한|냄새나는|동물	skunk|animal|stink
nature	🦘		캥거루|동물|새끼 캥거루|유대목 동물|점프|호주	kangaroo|animal|joey|jump|marsupial
nature	🦡		오소리|동물|벌꿀오소리|심술쟁이	badger|animal|honey|pester
nature	🐾		곰발바닥|곰발자국|동물|동물 발자국|발	paw prints|feet|paw|paws|print|prints
nature	🦃		칠면조|새|추수감사절|터키	turkey|bird|gobble|thanksgiving
nature	🐔		닭|동물|암탉|치킨	chicken|animal|bird|ornithology
nature	🐓		수탉|동물|새|조류	rooster|animal|bird|ornithology
nature	🐣		알에서 깬 병아리|갓 태어난 병아리|계란|동물|병아리|새끼|조류	hatching chick|animal|baby|bird|chick|egg|hatching
nature	🐤		병아리|동물|아기 병아리|조류	baby chick|animal|baby|bird|chick|ornithology
nature	🐥		정면을 향해 날개를 편 병아리|갓태어난|동물|병아리|아기	front-facing baby chick|animal|baby|bird|chick|front-facing|newborn|ornithology
nature	🐦		새|동물|조류|조류학	bird|animal|ornithology
nature	🐧		펭귄|남극|동물|새|조류	penguin|animal|antarctica|bird|ornithology
nature	🕊️		비둘기|날다|새|조류|평화	dove|bird|fly|ornithology|peace
nature	🦅		독수리|동물|새|조류	eagle|animal|bird|ornithology
nature	🦆		오리|동물|새|조류	duck|animal|bird|ornithology
nature	🦢		백조|동물|못난 아기 오리|새끼 백조|조류	swan|animal|bird|cygnet|duckling|ornithology|ugly
nature	🦉		부엉이|새|올빼미|조류|현명한	owl|animal|bird|ornithology|wise
nature	🦤		도도새|동물|멸종|모리셔스|새|큰 새	dodo|animal|bird|extinction|large|ornithology
nature	🪶		깃털|가벼운|깃|비행|새	feather|bird|flight|light|plumage
nature	🦩		홍학|열대|플라밍고	flamingo|animal|bird|flamboyant|ornithology|tropical
nature	🦚		공작|뽐내는|수컷 공작|조류|화려한	peacock|animal|bird|colorful|ornithology|ostentatious|peahen|pretty|proud
nature	🦜		앵무새|말하는 새|조류|해적	parrot|animal|bird|ornithology|pirate|talk
nature	🪽		날개|날다|날아오르다|비행|상승|새|신화|천사|천상의	wing|angelic|ascend|aviation|bird|fly|flying|heavenly|mythology|soar
nature	🐦‍⬛		검은 새|검정|까마귀|까악|동물|떼까마귀|부리|새|조류|큰까마귀	black bird|animal|beak|bird|black|caw|corvid|crow|ornithology|raven|rook
nature	🪿		거위|가금|꽥꽥|동물|무리|바보 같은|새|오리|조류	goose|animal|bird|duck|flock|fowl|gaggle|gander|geese|honk|ornithology|silly
nature	🐦‍🔥		불사조|갱신|변화|부활|불사|불새|상승|영광|재생|재창조|재탄생|판타지|피닉스|환생	phoenix|ascend|ascension|emerge|fantasy|firebird|glory|immortal|rebirth|reincarnation|reinvent|renewal|revival|revive|rise|transform
nature	🐸		개구리 얼굴|개구리|동물|얼굴	frog|animal|face
nature	🐊		악어|동물|동물원|크로커다일	crocodile|animal|zoo
nature	🐢		거북이|거북|동물	turtle|animal|terrapin|tortoise
nature	🦎		도마뱀|동물|파충류	lizard|animal|reptile
nature	🐍		뱀|동물|뱀주인자리|별자리	snake|animal|bearer|ophiuchus|serpent|zodiac
nature	🐲		용 얼굴|동물|동화|드래곤|용|용띠	dragon face|animal|dragon|face|fairy|fairytale|tale
nature	🐉		용|기사|동물|동화|드래곤	dragon|animal|fairy|fairytale|knights|tale
nature	🦕		초식 공룡|공룡|뇌룡|디플로도쿠스|브라키오사우루스|브론토사우루스	sauropod|brachiosaurus|brontosaurus|dinosaur|diplodocus
nature	🦖		티라노사우루스|t 렉스|공룡|티라노사우르스 렉스|티렉스	t-rex|dinosaur|rex|t|tyrannosaurus
nature	🐳		물 뿜는 고래|고래|동물|바다|얼굴|콸콸|해변	spouting whale|animal|beach|face|ocean|spouting|whale
nature	🐋		고래|동물|바다|해변	whale|animal|beach|ocean
nature	🐬		돌고래|동물|바다|지느러미|해변	dolphin|animal|beach|flipper|ocean
nature	🫍		범고래|고래|바다|해양	orca|marine|ocean|whale
nature	🦭		물개|동물|바다|바다사자|해양	seal|animal|lion|ocean|sea
nature	🐟		물고기|낚시|동물|물고기자리|별자리|생선|저녁식사	fish|animal|dinner|fishes|fishing|pisces|zodiac
nature	🐠		열대어|동물|물고기|열대지방	tropical fish|animal|fish|fishes|tropical
nature	🐡		복어|동물|물고기	blowfish|animal|fish
nature	🦈		상어|동물|물고기|바다생물|어류	shark|animal|fish
nature	🐙		문어|동물|바다|생물	octopus|animal|creature|ocean
nature	🐚		달팽이집|달팽이 껍질|동물|소라|소라고둥|조개껍데기	spiral shell|animal|beach|conch|sea|shell|spiral
nature	🪸		산호초|기후변화|대양|바다|산호|암초|코럴	coral|change|climate|ocean|reef|sea
nature	🪼		해파리|동물|따가워|무척추동물|바다|쏘는 동물|아야|젤리|촉수|침|플랑크톤|해양	jellyfish|animal|aquarium|burn|invertebrate|jelly|life|marine|ocean|ouch|plankton|sea|sting|stinger|tentacles
nature	🦀		꽃게|게|게자리|별자리|크랩	crab|cancer|zodiac
nature	🦞		바닷가재|가재|동물|랍스터|비스크|집게발|해산물	lobster|animal|bisque|claws|seafood
nature	🦐		새우|갑각류|바다생물|식품|음식|작은	shrimp|food|shellfish|small
nature	🦑		오징어|동물|식품|연체동물|음식	squid|animal|food|mollusk
nature	🦪		굴|다이빙|진주	oyster|diving|pearl
nature	🐌		달팽이|동물|슬러그|에스카르고|자연|정원	snail|animal|escargot|garden|nature|slug
nature	🦋		나비|곤충|날개|이쁜	butterfly|insect|pretty
nature	🫌		제왕나비|곤충|깨지기 쉬운|변신|변화|애벌레|이동|탈바꿈|희망	monarch butterfly|caterpillar|change|fragile|hope|insect|metamorphosis|migration|transformation
nature	🐛		송충이|곤충|동물|벌레|정원	bug|animal|garden|insect
nature	🐜		개미|곤충|동물|벌레|정원	ant|animal|garden|insect
nature	🐝		꿀벌|곤충|꿀|동물|벌|범블비|봄|자연	honeybee|animal|bee|bumblebee|honey|insect|nature|spring
nature	🪲		딱정벌레|곤충|동물|벌레|비틀	beetle|animal|bug|insect
nature	🐞		무당벌레|동물|딱정벌레|벌레|자연	lady beetle|animal|beetle|garden|insect|lady|ladybird|ladybug|nature
nature	🦗		귀뚜라미|곤충|동물|메뚜기|메뚜기류|벌레	cricket|animal|bug|grasshopper|insect|orthoptera
nature	🪳		바퀴벌레|곤충|동물|벌레|징그러운|해충	cockroach|animal|insect|pest|roach
nature	🕷️		거미|곤충|벌레|스파이더	spider|animal|insect
nature	🕸️		거미줄|거미|웹	spider web|spider|web
nature	🦂		전갈|별자리|스콜피온|전갈자리	scorpion|scorpio|scorpius|zodiac
nature	🦟		모기|말라리아|물기|바이러스|벌레|병균|열	mosquito|bite|disease|fever|insect|malaria|pest|virus
nature	🪰		파리|구더기|동물|부패|질병|해충	fly|animal|disease|insect|maggot|pest|rotting
nature	🪱		지렁이|기생충|동물|벌레|환형동물	worm|animal|annelid|earthworm|parasite
nature	🦠		미생물|과학|바이러스|박테리아|아메바	microbe|amoeba|bacteria|science|virus
nature	💐		꽃다발|기념일|꽃|데이트|로맨스|부케|사랑|생일|식물|연애	bouquet|anniversary|birthday|date|flower|love|plant|romance
nature	🌸		벚꽃|꽃|꽃송이|꽃이 피는|벚꽃놀이|봄|식물	cherry blossom|blossom|cherry|flower|plant|spring|springtime
nature	💮		흰 꽃|꽃|꽃 도장|꽃 표시|화이트 플라워	white flower|flower|white
nature	🪷		연꽃|꽃|베트남|불교|뷰티|순수|아름다움|인도|평온|평화|플라워|힌두교	lotus|beauty|buddhism|calm|flower|hinduism|peace|purity|serenity
nature	🏵️		장미|꽃|로제트|식물|장미 모양	rosette|plant
nature	🌹		장미꽃|꽃|발레타인|사랑|식물|아름다움|우아한	rose|beauty|elegant|flower|love|plant|red|valentine
nature	🥀		시든 꽃|꺾인 고개|꽃|시든|시들어 가는|시듦	wilted flower|dying|flower|wilted
nature	🌺		무궁화|꽃|식물|히비스커스	hibiscus|flower|plant
nature	🌻		해바라기|꽃|식물|야외|해	sunflower|flower|outdoors|plant|sun
nature	🌼		꽃송이|꽃|꽃이 피다|민들레|버터컵|식물	blossom|buttercup|dandelion|flower|plant
nature	🌷		튤립|꽃|꽃이 피는|식물	tulip|blossom|flower|growth|plant
nature	🪻		히아신스|꽃|라벤더|라일락|루핀|보라색|봄|블루 보닛|스냅드래곤|식물|인디고|제비꽃	hyacinth|bloom|bluebonnet|flower|indigo|lavender|lilac|lupine|plant|purple|shrub|snapdragon|spring|violet
nature	🌱		새싹|식물|싹이 돋다|어린 나무|어린잎	seedling|plant|sapling|sprout|young
nature	🪴		분재|식물|자라다|장식|지루한|집|키우다|화분	potted plant|decor|grow|house|nurturing|plant|pot|potted
nature	🌲		소나무|나무|상록수|크리스마스 트리	evergreen tree|christmas|evergreen|forest|pine|tree
nature	🌳		나무|낙엽|낙엽수|숲	deciduous tree|deciduous|forest|green|habitat|shedding|tree
nature	🌴		야자수|나무|열대 나무|열대지방|해변	palm tree|beach|palm|plant|tree|tropical
nature	🌵		선인장|가뭄|나무|사막|식물	cactus|desert|drought|nature|plant
nature	🌾		벼|곡식|벼이삭|식물|쌀|이삭	sheaf of rice|ear|grain|grains|plant|rice|sheaf
nature	🌿		풀|식물|잎|잎사귀|허브	herb|leaf|plant
nature	☘️		토끼풀|샤머록|세잎|세잎클로버|식물|아이리쉬|풀	shamrock|irish|plant
nature	🍀		네잎클로버|4|식물|아이리쉬|잎|클로버|행운	four leaf clover|4|clover|four|four-leaf|irish|leaf|lucky|plant
nature	🍁		단풍잎|낙옆|메이플|이파리|잎|잎사귀	maple leaf|falling|leaf|maple
nature	🍂		낙엽|가을|단풍잎|떨어지는|이파리|잎|잎사귀	fallen leaf|autumn|fall|fallen|falling|leaf
nature	🍃		바람에 흔들리는 나뭇잎|가을 낙엽|바람|바람에 떨어지는 잎|잎|흔들림	leaf fluttering in wind|blow|flutter|fluttering|leaf|wind
nature	🪹		빈 둥지|나뭇가지|네스트|둥지|새둥우리|집|홈	empty nest|branch|empty|home|nest|nesting
nature	🪺		알이 들어 있는 둥지|나뭇가지|둥지|새|새둥우리|새둥지|알	nest with eggs|bird|branch|egg|eggs|nest|nesting
nature	🍄		버섯|균류|나무|독버섯|식물	mushroom|fungus|toadstool
nature	🪾		잎이 없는 나무|겨울|나무|나무 몸통|나뭇가지|메마른|목재|열매가 안 열리는|잎이 없는|죽은|헐벗은	leafless tree|bare|barren|branches|dead|drought|leafless|tree|trunk|winter|wood
nature	🌑		삭|그믐|그믐달|뉴문|달|우주|초승달	new moon|dark|moon|new|space
nature	🌒		초승달 상현|꿈|달|상현|상현달|우주	waxing crescent moon|crescent|dreams|moon|space|waxing
nature	🌓		오른쪽 반달|달|반달|상현 반달|우주	first quarter moon|first|moon|quarter|space
nature	🌔		상현달|달|우주|철월	waxing gibbous moon|gibbous|moon|space|waxing
nature	🌕		보름달|달|만월|우주	full moon|full|moon|space
nature	🌖		하현달|달|우주|점점 기울어가는	waning gibbous moon|gibbous|moon|space|waning
nature	🌗		왼쪽 반달|달|반달|우주|하현 반달	last quarter moon|last|moon|quarter|space
nature	🌘		그믐달 하현|그믐달|달|우주|점점 작아지는|초승달	waning crescent moon|crescent|moon|space|waning
nature	🌙		초승달|달|라마단|우주	crescent moon|crescent|moon|ramadan|space
nature	🌚		얼굴이 있는 삭|뉴문|달|달님|달위에 얼굴|삭|얼굴|우주	new moon face|face|moon|new|space
nature	🌛		얼굴이 있는 초승달|달|달님|얼굴|우주	first quarter moon face|face|first|moon|quarter|space
nature	🌜		그믐달|꿈|달|달님|반달|얼굴|얼굴이 있는 그믐달|얼굴이 있는 상현 반달	last quarter moon face|dreams|face|last|moon|quarter
nature	🌡️		온도계|날씨|온도	thermometer|weather
nature	☀️		태양|날씨|더움|맑음|해|화창한	sun|bright|rays|space|sunny|weather
nature	🌝		얼굴이 있는 보름달|달|달님|밝음|얼굴	full moon face|bright|face|full|moon
nature	🌞		얼굴이 있는 해|날씨|낮|눈부신|밝은|얼굴|열기|해 방긋|해님|햇빛	sun with face|beach|bright|day|face|heat|shine|sun|sunny|sunshine|weather
nature	🪐		고리가 있는 행성|토성|행성	ringed planet|planet|ringed|saturn|saturnine
nature	⭐		별|천문학|화이트 미디엄 별|흰색 미디엄 별	star|astronomy|medium|stars|white
nature	🌟		반짝이는 별|눈부시는|반짝거리는|반짝반짝|반짝이다|반짝임|밤|별|빛나는|승리	glowing star|glittery|glow|glowing|night|shining|sparkle|star|win
nature	🌠		별똥별|낙성|떨어지는|밤|별|우주|유성	shooting star|falling|night|shooting|space|star
nature	🌌		은하수|우주|은하|행성	milky way|milky|space|way
nature	☁️		구름|날씨|흐림	cloud|weather
nature	⛅		구름 뒤의 해|구름|구름에 가린 해|해	sun behind cloud|behind|cloud|cloudy|sun|weather
nature	⛈️		번개가 치는 비구름|구름|뇌우|번개|비	cloud with lightning and rain|cloud|lightning|rain|thunder|thunderstorm
nature	🌤️		작은 구름 뒤의 태양|구름|날씨|해|흐림	sun behind small cloud|behind|cloud|sun|weather
nature	🌥️		큰 구름 뒤의 태양|구름|날씨|해|흐림	sun behind large cloud|behind|cloud|sun|weather
nature	🌦️		비구름 뒤의 태양|구름|날씨|비|해	sun behind rain cloud|behind|cloud|rain|sun|weather
nature	🌧️		비구름|구름|날씨|비	cloud with rain|cloud|rain|weather
nature	🌨️		눈구름|구름|날씨|눈|추움	cloud with snow|cloud|cold|snow|weather
nature	🌩️		번개구름|구름|날씨|번개	cloud with lightning|cloud|lightning|weather
nature	🌪️		토네이도|구름|날씨|소용돌이|태풍	tornado|cloud|weather|whirlwind
nature	🌫️		안개|구름|날씨|물결표시	fog|cloud|weather
nature	🌬️		얼굴이 있는 바람|바람|바람 부는|얼굴|후 하고 바람 부는 얼굴	wind face|blow|cloud|face|wind
nature	🌀		태풍|날씨|사이클론|소용돌이|싸이클론|어지러운|태풍의 눈	cyclone|dizzy|hurricane|twister|typhoon|weather
nature	🌈		무지개|게이|날씨|레인보우|레즈비언|양성애자|자연|젠더퀴어|트랜스|트랜스젠더|프라이드	rainbow|gay|genderqueer|glbt|glbtq|lesbian|lgbt|lgbtq|lgbtqia|nature|pride|queer|rain|trans|transgender|weather
nature	🌂		접힌 우산|비|우산	closed umbrella|closed|clothing|rain|umbrella
nature	☂️		우산|비	umbrella|clothing|rain
nature	☔		빗방울이 있는 우산|강우|강한 비|날씨|물방울|비|빗방울이 떨어지는 우산|우산	umbrella with rain drops|clothing|drop|drops|rain|umbrella|weather
nature	⛱️		땅에 꽂힌 파라솔|비|우산|파라솔|해|해변가	umbrella on ground|ground|rain|sun|umbrella
nature	⚡		고압 주의|고압|고압 경고|메신저|번개|벼락|위험|자연|잽|전기|전력|전압	high voltage|danger|electric|electricity|high|lightning|nature|thunder|thunderbolt|voltage|zap
nature	❄️		눈송이|날씨|눈|추위	snowflake|cold|snow|weather
nature	☃️		눈사람|겨울|눈|추위	snowman|cold|man|snow
nature	⛄		스노우맨|겨울|내리는 눈 없이 눈사람|눈|눈사람|추위	snowman without snow|cold|man|snow|snowman
nature	☄️		혜성|우주	comet|space
nature	🪋		유성|바위|별|별똥별|불덩이|우주|종말|중력|추락	meteor|apocalypse|falling|fireball|gravity|rock|space|star
nature	🔥		불|도구|뜨거운|불꽃|화끈한|화재	fire|af|burn|flame|hot|lit|litaf|tool
nature	💧		물방울|날씨|눈물|달콤|땀|만화|자연|추위|코믹	droplet|cold|comic|drop|nature|sad|sweat|tear|water|weather
nature	🌊		파도|물결|바다|서퍼|서핑|서핑하는 사람|자연|풍랑	water wave|nature|ocean|surf|surfer|surfing|water|wave
food	🍇		포도|과일|디오니소스	grapes|dionysus|fruit|grape
food	🍈		멜론|과일|야채|채소|칸탈루프	melon|cantaloupe|fruit
food	🍉		수박|과일	watermelon|fruit
food	🍊		귤|감귤|과일|밀감|비타민 c|오렌지|천도복숭아	tangerine|c|citrus|fruit|nectarine|orange|vitamin
food	🍋		레몬|과일|시큼한|시트러스	lemon|citrus|fruit|sour
food	🍋‍🟩		라임|가니쉬|과일|데킬라|마가리타|모히토|살사|상큼|시트러스|열대|제스트|칵테일	lime|acidity|citrus|cocktail|fruit|garnish|key|margarita|mojito|refreshing|salsa|sour|tangy|tequila|tropical|zest
food	🍌		바나나|과일|포타슘	banana|fruit|potassium
food	🍍		파인애플|과일|열대지방|콜라다	pineapple|colada|fruit|pina|tropical
food	🥭		망고|과일|식품|열대 과일|음식	mango|food|fruit|tropical
food	🍎		빨간 사과|건강|과일|다이어트|빨간|사과|식품|음식	red apple|apple|diet|food|fruit|health|red|ripe
food	🍏		초록 사과|과일|사과|초록색|파란 사과|풋사과	green apple|apple|fruit|green
food	🍐		배|과일	pear|fruit
food	🍑		복숭아|과일	peach|fruit
food	🍒		체리|과일	cherries|berries|cherry|fruit|red
food	🍓		딸기|과일|베리	strawberry|berry|fruit
food	🫐		블루베리|과일|베리|월귤나무|음식	blueberries|berries|berry|bilberry|blue|blueberry|food|fruit
food	🥝		키위|과일|식품|음식	kiwi fruit|food|fruit|kiwi
food	🍅		토마토|과일|식품|야채|음식|채소	tomato|food|fruit|vegetable
food	🫒		올리브|음식	olive|food
food	🥥		코코넛|야자수|피냐 콜라다	coconut|colada|palm|piña
food	🥑		아보카도|과일|식품|아보카드|열매|음식	avocado|food|fruit
food	🍆		가지|야채|채소	eggplant|aubergine|vegetable
food	🥔		감자|식품|음식|채소|포테이토	potato|food|vegetable
food	🥕		당근|식품|음식|채소	carrot|food|vegetable
food	🌽		옥수수|농작물|농장|미로|식물|옥수수 한 자루|콘	ear of corn|corn|crops|ear|farm|maize|maze
food	🌶️		홍고추|고추|매운|빨간 고추	hot pepper|hot|pepper
food	🫑		피망|고추|음식|채소|파프리카|후추	bell pepper|bell|capsicum|food|pepper|vegetable
food	🥒		오이|식품|음식|채소|피클	cucumber|food|pickle|vegetable
food	🫝		피클|난처|렐리시|발효|소금물|양념|오이|오이피클	pickle|brine|condiment|cucumber|ferment|gherkin|relish|trouble
food	🥬		녹색 채소|버거|상추|샐러드|양배추|청경채|케일	leafy green|bok|burgers|cabbage|choy|green|kale|leafy|lettuce|salad
food	🥦		브로콜리|양배추	broccoli|cabbage|wild
food	🧄		마늘|조미료	garlic|flavoring
food	🧅		양파|맛|양념	onion|flavoring
food	🥜		땅콩|견과류|넛츠|식품|야채|음식	peanuts|food|nut|peanut|vegetable
food	🫘		콩|빈|신장|음식|작은|콩류|콩팥|푸드	beans|food|kidney|legume|small
food	🌰		밤|견과류|나무|식물|아몬드	chestnut|almond|plant
food	🫚		생강 뿌리|건강|맥주|뿌리|생강|천연|향신료|허브	ginger root|beer|ginger|health|herb|natural|root|spice
food	🫛		완두콩 꼬투리|꼬투리|완두콩|채소|콩|콩과|풋콩	pea pod|beans|beanstalk|edamame|legume|pea|pod|soybean|vegetable|veggie
food	🍄‍🟫		갈색 양송이 버섯|균사류|버섯|비건|야채|음식|자연|채식|채식주의|트러플|포토벨로|피자 토핑	brown mushroom|food|fungi|fungus|mushroom|nature|pizza|portobello|shiitake|shroom|spore|sprout|toppings|truffle|vegetable|vegetarian|veggie
food	🫜		뿌리채소|무|비트|뿌리|샐러드|순무|음식|정원|채소|채식주의	root vegetable|beet|food|garden|radish|root|salad|turnip|vegetable|vegetarian
food	🍞		빵|레스토랑|식당|식빵|식품|토스트|한덩이|호밀	bread|carbs|food|grain|loaf|restaurant|toast|wheat
food	🥐		크루아상|빵|식품|음식|초승달 모양 롤|프랑스	croissant|bread|breakfast|crescent|food|french|roll
food	🥖		바게트|빵|식품|음식|프랑스	baguette bread|baguette|bread|food|french
food	🫓		플랫브레드|고르디타|난|라바쉬|빵|아레파|음식|피타	flatbread|arepa|bread|food|gordita|lavash|naan|pita
food	🥨		프레첼|구불구불한|꼬은	pretzel|convoluted|twisted
food	🥯		베이글|베이커리|빵|슈미어|아침식사	bagel|bakery|bread|breakfast|schmear
food	🥞		팬케이크|식품|음식|크레페|핫케이크	pancakes|breakfast|crêpe|food|hotcake|pancake
food	🧇		와플|아침식사|우유부단한	waffle|breakfast|indecisive|iron
food	🧀		치즈 조각|치즈|치즈 덩어리	cheese wedge|cheese|wedge
food	🍖		고기|고기 덩어리|뼈	meat on bone|bone|meat
food	🍗		닭다리|고기|다리|닭고기|배고픔|뼈|치킨|칠면조	poultry leg|bone|chicken|drumstick|hungry|leg|poultry|turkey
food	🥩		고깃덩이|고기|붉은살 고기|스테이크|찹|포크찹	cut of meat|chop|cut|lambchop|meat|porkchop|red|steak
food	🥓		베이컨|고기|돼지고기|식품|음식	bacon|breakfast|food|meat
food	🍔		햄버거|배고픔|버거|식품|음식|패스트푸드	hamburger|burger|eat|fast|food|hungry
food	🍟		감자튀김|식품|음식|패스트푸드|프렌치|프렌치 프라이|프렌치프라이	french fries|fast|food|french|fries
food	🍕		피자|배고픔|식품|음식|조각|치즈|페페로니|피자 한 조각	pizza|cheese|food|hungry|pepperoni|slice
food	🌭		핫도그|소세지|소시지|프랑크푸르트 소시지	hot dog|dog|frankfurter|hot|hotdog|sausage
food	🥪		샌드위치|빵	sandwich|bread
food	🌮		타코|멕시칸|멕시코 요리	taco|mexican
food	🌯		부리또|랩|멕시칸|멕시코 요리|버리토|타코	burrito|mexican|wrap
food	🫔		타말레|감싼|멕시칸|빠몽야|음식	tamale|food|mexican|pamonha|wrapped
food	🥙		밀전병에 싼 요리|가득넣은|부리또|식품|음식|케밥|팔라펠	stuffed flatbread|falafel|flatbread|food|gyro|kebab|stuffed
food	🧆		팔라펠|미트볼|병아리콩	falafel|chickpea|meatball
food	🥚		달걀|계란|식품|음식	egg|breakfast|food
food	🍳		프라이팬|계란|계란 프라이|레스토랑|식당|써니사이드업|아침식사|요리|팬	cooking|breakfast|easy|egg|fry|frying|over|pan|restaurant|side|sunny|up
food	🥘		납작한 냄비|납작한|빠에야|식품|음식|찌개|캐서롤|파에야|팬	shallow pan of food|casserole|food|paella|pan|shallow
food	🍲		국|수프|스튜|식품|음식|음식 한 그릇|찌개|탕	pot of food|food|pot|soup|stew
food	🫕		퐁듀|냄비|녹다|스위스|스키|음식|초콜릿|치즈	fondue|cheese|chocolate|food|melted|pot|ski
food	🥣		스푼과 사발|그릇과 숟가락|시리얼|씨리얼|아침|아침식사|오트밀|죽|콘지	bowl with spoon|bowl|breakfast|cereal|congee|oatmeal|porridge|spoon
food	🥗		야채샐러드|건강|그린|샐러드|식품|야채|음식|채소	green salad|food|green|salad
food	🍿		팝콘|영화	popcorn|corn|movie|pop
food	🧈		버터|유제품	butter|dairy
food	🧂		소금|당황|맛|양념통|조미료|짠|화남	salt|condiment|flavor|mad|salty|shaker|taste|upset
food	🥫		통조림|캔	canned food|can|canned|food
food	🍱		도시락|밥|벤또|상자|식품|음식	bento box|bento|box|food
food	🍘		주먹밥|밥|식품|쌀|쌀 과자|음식|크래커	rice cracker|cracker|food|rice
food	🍙		삼각 김밥|뭉치|밥|식품|음식|일본	rice ball|ball|food|japanese|rice
food	🍚		밥|밥공기|식품|쌀|음식	cooked rice|cooked|food|rice
food	🍛		카레라이스|식품|쌀|음식|카레|카레밥	curry rice|curry|food|rice
food	🍜		국수|그룻|김이 나는|라면|면|수프|식품|쌀국수|음식|젓가락	steaming bowl|bowl|chopsticks|food|noodle|pho|ramen|soup|steaming
food	🍝		스파게티|레스토랑|면|미트볼|식당|식품|음식|이탈리안|파스타	spaghetti|food|meatballs|pasta|restaurant
food	🍠		고구마|구운|달콤한|삶은 고구마|식품|음식|찐 고구마	roasted sweet potato|food|potato|roasted|sweet
food	🍢		오뎅|꼬치|레스토랑|식당|식품|씨푸드|어묵|어묵꼬치|오뎅꼬치|음식|케밥	oden|food|kebab|restaurant|seafood|skewer|stick
food	🍣		초밥|스시|식품|음식|일식	sushi|food
food	🍤		새우튀김|새우|튀김	fried shrimp|fried|prawn|shrimp|tempura
food	🍥		어묵|꽃모양 어묵|꽃모양 오뎅|레스토랑|생선|식당|식품|오뎅|회오리모양|회오리모양이 있는 어묵	fish cake with swirl|cake|fish|food|pastry|restaurant|swirl
food	🥮		월병|가을|명절|축제	moon cake|autumn|cake|festival|moon|yuèbǐng
food	🍡		떡꼬치|꼬치|당고|디저트|떡|일본	dango|dessert|japanese|skewer|stick|sweet
food	🥟		만두|교자|덤플링	dumpling|empanada|gyōza|jiaozi|pierogi|potsticker
food	🥠		포츈 쿠키|예언|포춘 쿠키	fortune cookie|cookie|fortune|prophecy
food	🥡		테이크아웃 상자|식품|음식|음식 배달|젓가락	takeout box|box|chopsticks|delivery|food|oyster|pail|takeout
food	🍦		소프트 아이스크림|달콤|디저트|레스토랑|식당|식품|아이스크림|아이스크림 콘|음식|콘 아이스크림|크림	soft ice cream|cream|dessert|food|ice|icecream|restaurant|serve|soft|sweet
food	🍧		샤베트 아이스크림|간|간 얼음|레스토랑|샤베트|식당|아이스|후식	shaved ice|dessert|ice|restaurant|shaved|sweet
food	🍨		아이스크림|달콤|디저트|떠먹는 아이스크림|레스토랑|식당|식품|아이스|음식|크림	ice cream|cream|dessert|food|ice|restaurant|sweet
food	🍩		도넛|달콤|디저트|식품|음식|초코 도넛	doughnut|breakfast|dessert|donut|food|sweet
food	🍪		쿠키|달콤|초코 쿠키|초코칩 쿠키|초콜렛 칩	cookie|chip|chocolate|dessert|sweet
food	🎂		생일 케이크|달콤|디저트|생일|생일축하|생일케이크|축하|케이크|페스츄리	birthday cake|bday|birthday|cake|celebration|dessert|happy|pastry|sweet
food	🍰		조각 케익|달콤|디저트|쇼트케이크|조각케이크|케이크|페스츄리	shortcake|cake|dessert|pastry|slice|sweet
food	🧁		컵케이크|디저트|베이커리|설탕|스프링클	cupcake|bakery|dessert|sprinkles|sugar|sweet|treat
food	🥧		파이|고기|과일|애플파이|파이 한조각|패스트리|페스트리|필링|호박파이	pie|apple|filling|fruit|meat|pastry|pumpkin|slice
food	🍫		초콜렛|단 음식을 좋아함|달콤|바|초코|초코바|캔디|할로윈	chocolate bar|bar|candy|chocolate|dessert|halloween|sweet|tooth
food	🍬		사탕|단 음식을 좋아함|달콤|디저트|레스토랑|식당|캔디|포장|할로윈	candy|cavities|dessert|halloween|restaurant|sweet|tooth|wrapper
food	🍭		롤리팝|달콤|레스토랑|막대 사탕|사탕|식당|식품|음식|제과점|캔디	lollipop|candy|dessert|food|restaurant|sweet
food	🍮		커스타드 푸딩|달콤|디저트|커스타드|푸딩	custard|dessert|pudding|sweet
food	🍯		꿀|곰|꿀단지|꿀통|단지|달콤|배럴|음식	honey pot|barrel|bear|food|honey|honeypot|jar|pot|sweet
food	🍼		젖병|갓난아기|마시는|병|아기|우유|음료|젖먹이|태어난	baby bottle|babies|baby|birth|born|bottle|drink|infant|milk|newborn
food	🥛		우유 한잔|글라스|밀크|우유|음료|음료수|한잔	glass of milk|drink|glass|milk
food	☕		뜨거운 음료|김|뜨거움|아침|음료|차|카페|카페인|커피	hot beverage|beverage|cafe|caffeine|chai|coffee|drink|hot|morning|steaming|tea
food	🫖		찻주전자|냄비|우리기|음료|음식|차|티	teapot|brew|drink|food|pot|tea
food	🍵		차|손잡이 없는 찻잔|우롱|음료|찻잔|찻집|컵	teacup without handle|beverage|cup|drink|handle|oolong|tea|teacup
food	🍶		사케|레스토랑|바|병|병과 술잔|술|식당|음료|잔	sake|bar|beverage|bottle|cup|drink|restaurant
food	🍾		코르크가 튀어나오고 있는 병|바|병|술|와인|와인병|음료|코르크|팡 튀어오르는	bottle with popping cork|bar|bottle|cork|drink|popping
food	🍷		와인잔|글래스|바|술|와인|와인글라스|와인바|음료|음주|클럽	wine glass|alcohol|bar|beverage|booze|club|drink|drinking|drinks|glass|restaurant|wine
food	🍸		칵테일|마티니|매드 맨|술|음료|칵테일글라스|칵테일바|칵테일잔|클럽	cocktail glass|alcohol|bar|booze|club|cocktail|drink|drinking|drinks|glass|mad|martini|men
food	🍹		음료수|드링크|바|술|열대 음료|열대지방|음료|클럽|파티	tropical drink|alcohol|bar|booze|club|cocktail|drink|drinking|drinks|drunk|mai|party|tai|tropical|tropics
food	🍺		맥주잔|500잔|독일|맥주|맥주컵|바|서머에일|술|술집|옥토버페스트|음료|음주|파인트|호프	beer mug|alcohol|ale|bar|beer|booze|drink|drinking|drinks|mug|octoberfest|oktoberfest|pint|stein|summer
food	🍻		맥주|맥주잔|바|술|원샷|음료|짠|짠 하는 맥주잔	clinking beer mugs|alcohol|bar|beer|booze|bottoms|cheers|clink|clinking|drinking|drinks|mugs
food	🥂		건배하는 샴페인 잔|건배|술|음료|잔|짠|축하	clinking glasses|celebrate|clink|clinking|drink|glass|glasses
food	🥃		양주잔|글래스|샷|스카치|위스키|텀블러	tumbler glass|glass|liquor|scotch|shot|tumbler|whiskey|whisky
food	🫗		쏟아져 나오는 액체|물|붓다|비어 있는|사고|쏟다|엎지르다|웁스|유리잔|음료|흘리다|흘림	pouring liquid|accident|drink|empty|glass|liquid|oops|pour|pouring|spill|water
food	🥤		빨대와 컵|물|소다|소프트 드링크|음료|주스	cup with straw|cup|drink|juice|malt|soda|soft|straw|water
food	🧋		버블티|대만|버블|보바|우유|음식|차|타이완|티|펄	bubble tea|boba|bubble|food|milk|pearl|tea
food	🧃		음료 팩|달콤|상자|음료|주스|쥬스 팩	beverage box|beverage|box|juice|straw|sweet
food	🧉		마테차|음료|차	mate|drink
food	🧊		얼음|각얼음|빙산|차가운	ice|cold|cube|iceberg
food	🥢		젓가락	chopsticks|hashi|jeotgarak|kuaizi
food	🍽️		포크와 나이프가 있는 접시|나이프|요리|저녁식사|접시|포크	fork and knife with plate|cooking|dinner|eat|fork|knife|plate
food	🍴		포크와 나이프|나이프|레스토랑|맛있음|먹다|배고픔|식당|식품|아침밥|아침식사|야미|요리|음식|저녁식사|점심식사|포크	fork and knife|breakfast|breaky|cooking|cutlery|delicious|dinner|eat|feed|food|fork|hungry|knife|lunch|restaurant|yum|yummy
food	🥄		숟가락|먹기|수저|스푼|식기|주방용품|테이블웨어	spoon|eat|tableware
food	🔪		식칼|도구|무기|부엌 칼|쉐프|요리|요리용 칼|호쵸	kitchen knife|chef|cooking|hocho|kitchen|knife|tool|weapon
food	🫙		작은 병|병|보관|비어 있는|빈|소스|아무것도 없는|양념|용기|저장	jar|condiment|container|empty|nothing|sauce|store
food	🏺		암포라|단지|도구|무기|물병자리|별자리|요리	amphora|aquarius|cooking|drink|jug|tool|weapon|zodiac
travel	🌍		유럽과 아프리카가 보이는 지구|글로벌|세계|아프리카|유럽|지구|지구본	globe showing europe-africa|africa|earth|europe|europe-africa|globe|showing|world
travel	🌎		미대륙이 보이는 지구|글로벌|미국이 보이는 지구|미대륙|미주|세계|아메리카|지구|지구본	globe showing americas|americas|earth|globe|showing|world
travel	🌏		아시아와 호주가 보이는 지구|글로벌|세계|아시아|월드|지구|지구본|호주	globe showing asia-australia|asia|asia-australia|australia|earth|globe|showing|world
travel	🌐		자오선 지구|경도|세계|월드와이드|웹|위도|인터넷|자오선|지구	globe with meridians|earth|globe|internet|meridians|web|world|worldwide
travel	🗺️		세계 지도|세계|지도	world map|map|world
travel	🗾		일본 지도|일본|지도	map of japan|japan|map
travel	🧭		나침반|길찾기|네비게이션|오리엔티어링|자석	compass|direction|magnetic|navigation|orienteering
travel	🏔️		눈 덮인 산|눈|산|설산|추위	snow-capped mountain|cold|mountain|snow|snow-capped
travel	⛰️		산|산 정상	mountain
travel	🛘		산사태|돌|사태|산|위험|재난|지진	landslide|avalanche|danger|disaster|earthquake|mountain|mudslide|rocks
travel	🌋		화산|볼케이노|산|자연|폭발	volcano|eruption|mountain|nature
travel	🗻		후지산|산|자연|후지	mount fuji|fuji|mount|mountain|nature
travel	🏕️		캠핑|텐트	camping
travel	🏖️		파라솔이 있는 해변|우산|파라솔|해변	beach with umbrella|beach|umbrella
travel	🏜️		사막|선인장|태양	desert
travel	🏝️		사막 섬|사막|섬	desert island|desert|island
travel	🏞️		국립공원|공원|국립	national park|national|park
travel	🏟️		경기장|스타디움	stadium
travel	🏛️		고전 양식의 건축물|건물|고전|고전 빌딩	classical building|building|classical
travel	🏗️		건물 공사|건물|공사|크래인	building construction|building|construction|crane
travel	🧱		벽돌|담벼락|모르타르|벽|빨간 벽돌|클레이	brick|bricks|clay|mortar|wall
travel	🪨		바위|단단한|돌|무거운|스톤|암석	rock|boulder|heavy|solid|stone|tough
travel	🪵		목재|나무|수목|재목|통나무	wood|log|lumber|timber
travel	🛖		오두막|원실|유르트|집|피난처|홈|훗	hut|home|house|roundhouse|shelter|yurt
travel	🏘️		주택 건물|건물|주택|집	houses|house
travel	🏚️		낡은 주택 건물|건물|노후|주택|주택 수리|집	derelict house|derelict|home|house
travel	🏠		집|건물|교외|마음이 머무는 곳|빌딩|시골집|정착|주택|주택 수리	house|building|country|heart|home|ranch|settle|simple|suburban|suburbia|where
travel	🏡		정원이 있는 집|교외|마음이 머무는 곳|시골집|정원|정원이 있는 주택|정착|주택|주택 수리	house with garden|building|country|garden|heart|home|house|ranch|settle|simple|suburban|suburbia|where
travel	🏢		빌딩|건물|사무실|오피스|육면체|일|회사 건물	office building|building|city|cubical|job|office
travel	🏣		일본 우체국|건물|우체국|일본	japanese post office|building|japanese|office|post
travel	🏤		우체국|건물|빌딩|유럽	post office|building|european|office|post
travel	🏥		병원|건물|메디컬|빌딩|의사|의학	hospital|building|doctor|medicine
travel	🏦		은행|건물|뱅크|빌딩	bank|building
travel	🏨		호텔|건물|빌딩|숙박|잠	hotel|building
travel	🏩		모텔|건물|러브 호텔|빌딩|호텔	love hotel|building|hotel|love
travel	🏪		편의점|24시|가게|건물|빌딩	convenience store|24|building|convenience|hours|store
travel	🏫		학교|건물|공부|빌딩|스쿨	school|building
travel	🏬		백화점|가게|건물|빌딩|상점	department store|building|department|store
travel	🏭		공장|건물|빌딩	factory|building
travel	🏯		일본 성|건물|궁전|빌딩|성|일본	japanese castle|building|castle|japanese
travel	🏰		유럽 성|건물|궁전|빌딩|성|유럽	castle|building|european
travel	💒		결혼식|결혼|결혼한|교회 결혼식|로맨스|성당 결혼식|예배당|혼례식	wedding|chapel|hitched|nuptials|romance
travel	🗼		도쿄 타워|도쿄|타워|탑	tokyo tower|tokyo|tower
travel	🗽		자유의 여신상|뉴욕|동상|여신상|자유	statue of liberty|liberty|new|ny|nyc|statue|york
travel	⛪		교회|건물|기독교|빌딩|십자가|예배당|종교|축복|크리스찬	church|bless|chapel|christian|cross|religion
travel	🕌		모스크|무슬림|사원|이슬람|종교	mosque|islam|masjid|muslim|religion
travel	🛕		힌두교 사원|사원|힌두교	hindu temple|hindu|temple
travel	🕍		시나고그|사원|유대교|유대인|종교	synagogue|jew|jewish|judaism|religion|temple
travel	⛩️		신토 신사|신사|신토|일본 신사|종교	shinto shrine|religion|shinto|shrine
travel	🕋		카바|무슬림|움라|이슬람|종교|하즈	kaaba|hajj|islam|muslim|religion|umrah
travel	⛲		분수|분수대	fountain
travel	⛺		텐트|캠프|캠핑	tent|camping
travel	🌁		자욱한 안개|날씨|스모그|안개|안개 낀	foggy|fog
travel	🌃		밤하늘 별|밤|별|야경	night with stars|night|star|stars
travel	🏙️		도시 전경|건물|도시	cityscape|city
travel	🌄		산에서 떠오르는 해|산|산에 해가 뜸|아침|일출|해|해가 뜸	sunrise over mountains|morning|mountains|over|sun|sunrise
travel	🌅		일출|아침|자연|해|해가 뜸	sunrise|morning|nature|sun
travel	🌆		도시 야경|건물|노을|도시|빌딩|선셋|야경|일몰|저녁|해|해질녘	cityscape at dusk|at|building|city|cityscape|dusk|evening|landscape|sun|sunset
travel	🌇		일몰|건물|노을|도시에 해가 짐|빌딩|해|해가 짐|해질녘|황혼	sunset|building|dusk|sun
travel	🌉		밤하늘을 배경으로 하는 다리|다리|달과 다리|밤|밤의 다리|별과 다리	bridge at night|at|bridge|night
travel	♨️		온천|뜨거움|목욕탕|사우나	hot springs|hot|hotsprings|springs|steaming
travel	🎠		회전 목마|놀이공원|목마|엔터테인먼트|유원지	carousel horse|carousel|entertainment|horse
travel	🛝		미끄럼틀|놀기|놀이|놀이공원|놀이터|미끄러지다|슬라이드|슬라이딩	playground slide|amusement|park|play|playground|playing|slide|sliding|theme
travel	🎡		관람차|놀이공원|대관람차|유원지	ferris wheel|amusement|ferris|park|theme|wheel
travel	🎢		롤러코스터|놀이공원|롤러|유원지|코스터	roller coaster|amusement|coaster|park|roller|theme
travel	💈		이발소|면도|이발|이발사|이발소 기둥|이발소 표시	barber pole|barber|cut|fresh|haircut|pole|shave
travel	🎪		서커스|텐트	circus tent|circus|tent
travel	🚂		기관차|교통수단|기차|엔진|여행|증기|카부스|트레인	locomotive|caboose|engine|railway|steam|train|trains|travel
travel	🚃		전철|교통수단|기차|레일|여행|전기|차|철도|철도 차량|트램|트롤리버스	railway car|car|electric|railway|train|tram|travel|trolleybus
travel	🚄		고속열차|ktx|고속|신칸센|암트랙|철도|케이티엑스	high-speed train|high-speed|railway|shinkansen|speed|train
travel	🚅		고속철|ktx|고속|기차|신칸센|암트랙|앞에 뾰족하게 생긴 고속 철도|여행|철도|케이티엑스	bullet train|bullet|high-speed|nose|railway|shinkansen|speed|train|travel
travel	🚆		기차|도착|철도|칙칙폭폭	train|arrived|choo|railway
travel	🚇		지하철|메트로|여행|전철	metro|subway|travel
travel	🚈		경전철|교통수단|기차|도착|모노레일|바트	light rail|arrived|light|monorail|rail|railway
travel	🚉		기차역|기차|바트|역|전철역|지하철역|철도	station|railway|train
travel	🚊		트램|바트|전차|트롤리버스	tram|trolleybus
travel	🚝		모노레일|교통수단|기차	monorail|vehicle
travel	🚞		기차 터널|기차|산|산악 철도|산터널|차|터널	mountain railway|car|mountain|railway|trip
travel	🚋		트램 차량|버스|전차 차량|차|트롤리|트롤리버스	tram car|bus|car|tram|trolley|trolleybus
travel	🚌		버스|교통수단|차|학교	bus|school|vehicle
travel	🚍		오고 있는 버스|다가오는|버스|차	oncoming bus|bus|cars|oncoming
travel	🚎		트롤리 버스|버스|트램|트롤리	trolleybus|bus|tram|trolley
travel	🚐		미니버스|교통수단|밴|버스|소형 버스|운전	minibus|bus|drive|van|vehicle
travel	🚑		구급차|교통수단|앰뷸런스	ambulance|emergency|vehicle
travel	🚒		소방차|엔진|트럭|화재	fire engine|engine|fire|truck
travel	🚓		경찰차|5–0|경찰|차	police car|5–0|car|cops|patrol|police
travel	🚔		오고 있는 경찰차|경찰|경찰차|다가오는 경찰차|차	oncoming police car|car|oncoming|police
travel	🚕		택시|교통수단|노란 택시|운전|자동차|차	taxi|cab|cabbie|car|drive|vehicle|yellow
travel	🚖		오고 있는 택시|노란 택시|다가오는 택시|우버|운전|차|택시|택시 부르기	oncoming taxi|cab|cabbie|cars|drove|hail|oncoming|taxi|yellow
travel	🚗		자동차|교통수단|승용차|운전|차량	automobile|car|driving|vehicle
travel	🚘		오고 있는 자동차|교통수단|다가오는|오고 있는 승용차|운전|자동차|차	oncoming automobile|automobile|car|cars|drove|oncoming|vehicle
travel	🚙		지프|suv|교통수단|레크리에이션|운전|지프차|차	sport utility vehicle|car|drive|recreational|sport|sportutility|utility|vehicle
travel	🛻		픽업트럭|운송수단|자동차|차|트럭|플랫베드|픽업|화물차	pickup truck|automobile|car|flatbed|pick-up|pickup|transportation|truck
travel	🚚		운송 트럭|교통수단|배달|배송|운송|운송 차량|운전|차|트럭	delivery truck|car|delivery|drive|truck|vehicle
travel	🚛		트레일러 트럭|교통수단|세미|운전|이동|트럭|트레일러	articulated lorry|articulated|car|drive|lorry|move|semi|truck|vehicle
travel	🚜		트랙터|교통수단|차량	tractor|vehicle
travel	🏎️		경주용 자동차|레이싱|레이싱카|쌩|차	racing car|car|racing|zoom
travel	🏍️		오토바이|경주|레이싱|모터사이클	motorcycle|racing
travel	🛵		스쿠터|모터|오토바이|전동	motor scooter|motor|scooter
travel	🦽		수동 휠체어|접근성	manual wheelchair|accessibility|manual|wheelchair
travel	🦼		전동 휠체어|접근성	motorized wheelchair|accessibility|motorized|wheelchair
travel	🛺		경삼륜차|툭툭	auto rickshaw|auto|rickshaw|tuk
travel	🚲		자전거|교통수단|라이드|바이크|바이크 갱|사이클링|스피닝|스핀 클래스	bicycle|bike|class|cycle|cycling|cyclist|gang|ride|spin|spinning
travel	🛴		킥보드|스쿠터|씽씽카|킥	kick scooter|kick|scooter
travel	🛹		스케이트보드|바퀴|보드|스케이트|스케이트 타는 사람	skateboard|board|skate|skater|wheels
travel	🛼		롤러스케이트|날|롤러|블레이드|스케이트|스포츠|운동	roller skate|blades|roller|skate|skates|sport
travel	🚏		버스 정류장|버스|정류장	bus stop|bus|busstop|stop
travel	🛣️		고속도로|도로	motorway|highway|road
travel	🛤️		철도 선로|선로|철도	railway track|railway|track|train
travel	🛢️		기름통|기름|드럼	oil drum|drum|oil
travel	⛽		주유소|가스|경유|연료|펌프|휘발유	fuel pump|diesel|fuel|fuelpump|gas|gasoline|pump|station
travel	🛞		휠|바퀴|원|자동차|차|카|타이어|탈 것|회전	wheel|car|circle|tire|turn|vehicle
travel	🚨		사이렌|경고|경보|경찰|경찰차 사이렌|비상|삐용삐용|알람|차	police car light|alarm|alert|beacon|car|emergency|light|police|revolving|siren
travel	🚥		가로 신호등|가로|교차로|교통|수평|신호|신호등|정지 신호	horizontal traffic light|horizontal|intersection|light|signal|stop|stoplight|traffic
travel	🚦		세로 신호등|교차로|교통|빛|세로|수직|신호등|운전|정지 신호|표시	vertical traffic light|drove|intersection|light|signal|stop|stoplight|traffic|vertical
travel	🛑		멈춤 표시|교통신호|멈춤|신호|팔각형	stop sign|octagonal|sign|stop
travel	🚧		공사 중|공사|공사 중 표시|분리대	construction|barrier
travel	🛙		등대|깨달음|바다|빛|신호|안내|항해|해양|희망	lighthouse|beacon|enlightenment|guidance|hope|light|maritime|navigation|sea|signal
travel	⚓		닻|도구|배|앵커|항해	anchor|ship|tool
travel	🛟		구명부환|구명 기구|구명 튜브|구조|구조원|구하다|부낭|수영|안전	ring buoy|buoy|float|life|lifesaver|preserver|rescue|ring|safety|save|saver|swim
travel	⛵		돛단배|배|범선|세일링|요트	sailboat|boat|resort|sailing|sea|yacht
travel	🛶		카누|배|보트	canoe|boat
travel	🚤		쾌속정|럭셔리|보트|선박|억만장자|여름|여행|호수	speedboat|billionaire|boat|lake|luxury|millionaire|summer|travel
travel	🛳️		여객선|배|선박|승객	passenger ship|passenger|ship
travel	⛴️		페리|보트|승객|연락선	ferry|boat|passenger
travel	🛥️		모터보트|보트	motor boat|boat|motor|motorboat
travel	🚢		선박|바다|배|승객|여행|타이타닉	ship|boat|passenger|travel
travel	✈️		비행기|비행|여행|제트|항공	airplane|aeroplane|fly|flying|jet|plane|travel
travel	🛩️		경비행기|비행기|소형비행기|항공기	small airplane|aeroplane|airplane|plane|small
travel	🛫		비행기 이륙|비행기|이륙|체크인|출발	airplane departure|aeroplane|airplane|check-in|departure|departures|plane
travel	🛬		비행기 착륙|도착|도착하는 중|랜딩 중|비행기|항공기	airplane arrival|aeroplane|airplane|arrival|arrivals|arriving|landing|plane
travel	🪂		낙하산|스카이다이빙|패러세일링|행글라이더	parachute|hang-glide|parasail|skydive
travel	💺		좌석|의자|자리	seat|chair
travel	🚁		헬리콥터|교통수단|로플콥터|여행|콥터|헬기	helicopter|copter|roflcopter|travel|vehicle
travel	🚟		매달린 케이블카|자기부상|자기부상 열차|철도|케이블카	suspension railway|railway|suspension
travel	🚠		산악 케이블카|곤돌라|교통수단|산|스키 리프트|케이블|케이블카	mountain cableway|cable|cableway|gondola|lift|mountain|ski
travel	🚡		케이블카|곤돌라|공중|산악 케이블카|차	aerial tramway|aerial|cable|car|gondola|ropeway|tramway
travel	🛰️		인공위성|우주	satellite|space
travel	🚀		로켓|로케트|발사|여행|우주	rocket|launch|rockets|space|travel
travel	🛸		비행접시|ufo|외계인|우주 생명체	flying saucer|aliens|extra|flying|saucer|terrestrial|ufo
travel	🛎️		호출 벨|데스크벨|벨|호텔	bellhop bell|bell|bellhop|hotel
travel	🧳		여행용 가방|여행|짐|짐싸기	luggage|bag|packing|roller|suitcase|travel
activities	🎃		할로윈|등|잭|잭오랜턴|할로윈 장식|핼러윈|호박	jack-o-lantern|celebration|halloween|jack|lantern|pumpkin
activities	🎄		크리스마스 트리|축하|크리스마스	christmas tree|celebration|christmas|tree
activities	🎆		불꽃놀이|불꽃 축제|엔터테인먼트|욜로|축하|쾅	fireworks|boom|celebration|entertainment|yolo
activities	🎇		불꽃|번쩍|불꽃 축제|축하|쾅|폭죽	sparkler|boom|celebration|fireworks|sparkle
activities	🧨		폭죽|다이너마이트|불꽃|불꽃놀이|빛|튀다|폭발적인|폭약	firecracker|dynamite|explosive|fire|fireworks|light|pop|popping|spark
activities	✨		블링블링|마술|매직|반짝거림|반짝반짝|별	sparkles|*|magic|sparkle|star
activities	🎈		풍선|기념|생일|축하|파티	balloon|birthday|celebrate|celebration
activities	🎉		파티|생일|신나는|우후|짠|축하	party popper|awesome|birthday|celebrate|celebration|excited|hooray|party|popper|tada|woohoo
activities	🎊		박 터트리기|공|기념|색종이 꽃가루처|야호|축하|파티	confetti ball|ball|celebrate|celebration|confetti|party|woohoo
activities	🎋		소원을 건 나무|기원 쪽지|나무|다나바타 나무|배너|소원 빌기|소원 쪽지|소원 쪽지 매달기|일본|축하	tanabata tree|banner|celebration|japanese|tanabata|tree
activities	🎍		일본 장식|대나무|소나무|식물|일본|장식|축하	pine decoration|bamboo|celebration|decoration|japanese|pine|plant
activities	🎎		일본 인형|남녀 인형|인형|일본|축제|페스티발	japanese dolls|celebration|doll|dolls|festival|japanese
activities	🎏		물고기 깃발|깃발|물고기 모양 깃발|물고기 장식|잉어|잉어 모양 깃발	carp streamer|carp|celebration|streamer
activities	🎐		풍경|종	wind chime|bell|celebration|chime|wind
activities	🎑		달맞이|기념|달|달맞이 행사|벼이삭|축하	moon viewing ceremony|celebration|ceremony|moon|viewing
activities	🧧		세뱃돈|돈|돈 봉투|빨간 봉투|선물|행운|현금	red envelope|envelope|gift|good|hóngbāo|lai|luck|money|red|see
activities	🎀		리본|축하	ribbon|celebration
activities	🎁		선물|놀람|박스|축하|크리스마스|포장	wrapped gift|birthday|bow|box|celebration|christmas|gift|present|surprise|wrapped
activities	🎗️		추모 리본|기념|리본|추모	reminder ribbon|celebration|reminder|ribbon
activities	🎟️		입장 티켓|입장|티켓	admission tickets|admission|ticket|tickets
activities	🎫		티켓|공연|엔터테인먼트|입장|표|표 확인	ticket|admission|stub
activities	🎖️		무공 훈장|군대|메달|상|축하|훈장	military medal|award|celebration|medal|military
activities	🏆		트로피|상|스포츠|승리|우승|챔스|챔피온	trophy|champion|champs|prize|slay|sport|victory|win|winning
activities	🏅		스포츠 메달|경기|금메달|메달|스포츠|승자|어워드	sports medal|award|gold|medal|sports|winner
activities	🥇		금메달|골드|메달|일등	1st place medal|1st|first|gold|medal|place
activities	🥈		은메달|2등|메달|실버|이등|준우승	2nd place medal|2nd|medal|place|second|silver
activities	🥉		동메달|메달|브론즈|삼등	3rd place medal|3rd|bronze|medal|place|third
activities	⚽		축구공|공|메시|사커|스포츠|축구|호날두	soccer ball|ball|football|futbol|soccer|sport
activities	⚾		야구공|공|스포츠|야구	baseball|ball|sport
activities	🥎		소프트볼|공|글로브|스포츠|야구공|언더암	softball|ball|glove|sports|underarm
activities	🏀		농구|공|농구 링|농구공|스포츠|운동	basketball|ball|hoop|sport
activities	🏐		배구공|게임|경기|공|배구	volleyball|ball|game
activities	🏈		미식축구공|미국|미식|미식축구|슈퍼볼|스포츠|운동|축구	american football|american|ball|bowl|football|sport|super
activities	🏉		럭비공|공|럭비|스포츠|운동	rugby football|ball|football|rugby|sport
activities	🎾		테니스|공|라켓|스포츠|운동	tennis|ball|racquet|sport
activities	🥏		원반|디스크|야외 운동|프리스비	flying disc|disc|flying|ultimate
activities	🎳		볼링|게임|공|볼링공|볼링핀|스트라이크|스포츠	bowling|ball|game|sport|strike
activities	🏏		크리켓|게임|경기|공|배트|운동	cricket game|ball|bat|cricket|game
activities	🏑		필드 하키|게임|경기|공|스틱|필드|하키	field hockey|ball|field|game|hockey|stick
activities	🏒		아이스 하키와 퍽|게임|경기|스틱|아이스|퍽|하키	ice hockey|game|hockey|ice|puck|stick
activities	🥍		라크로스|골|공|그물채|스틱|스포츠	lacrosse|ball|goal|sports|stick
activities	🏓		탁구|게임|공|탁구공|탁구채|핑퐁	ping pong|ball|bat|game|paddle|ping|pingpong|pong|table|tennis
activities	🏸		배드민턴|라켓|배드민턴채|버디|셔틀콕	badminton|birdie|game|racquet|shuttlecock
activities	🥊		권투 글러브|권투|글러브|복싱|스포츠	boxing glove|boxing|glove
activities	🥋		도복|가라데|무술|유니폼|유도|태권도|합기도	martial arts uniform|arts|judo|karate|martial|taekwondo|uniform
activities	🥅		골대|골|구기종목|네트|스포츠	goal net|goal|net
activities	⛳		골프|구멍|홀|홀에 깃발	flag in hole|flag|golf|hole|sport
activities	⛸️		아이스 스케이트|스케이트|아이스	ice skate|ice|skate|skating
activities	🎣		낚싯대|낚시|물고기|스포츠|엔터테인먼트	fishing pole|entertainment|fish|fishing|pole|sport
activities	🤿		다이빙 마스크|다이빙|스노클링|스쿠버|스킨스쿠버	diving mask|diving|mask|scuba|snorkeling
activities	🎽		러닝 셔츠|러닝|민소매 상의|셔츠|운동복|운동복 상의	running shirt|athletics|running|sash|shirt
activities	🎿		스키|눈|스키 부츠|스포츠|운동	skis|ski|snow|sport
activities	🛷		썰매|눈|눈썰매|터보건	sled|luge|sledge|sleigh|snow|toboggan
activities	🥌		컬링 스톤|게임|경기|돌|컬링	curling stone|curling|game|rock|stone
activities	🎯		과녁 명중|게임|과녁|다트|명중|목표|양궁|엔터테인먼트|화살	bullseye|bull|dart|direct|entertainment|game|hit|target
activities	🪀		요요|오르락내리락|장난감	yo-yo|fluctuate|toy
activities	🪁		연|날리기|연날리기|활공	kite|fly|soar
activities	🔫		물총|권총|리볼버|무기|장비|총|피스톨	water pistol|gun|handgun|pistol|revolver|tool|water|weapon
activities	🎱		당구|8|8번 공|게임|공|당구공|팔|포켓볼 8번 공	pool 8 ball|8|8ball|ball|billiard|eight|game|pool
activities	🔮		수정 구슬|구슬|도구|동화|마술|수정|예언|운세|판타지	crystal ball|ball|crystal|fairy|fairytale|fantasy|fortune|future|magic|tale|tool
activities	🪄		마술 지팡이|마녀|마법사|마술|마술사|지팡이|지휘봉	magic wand|magic|magician|wand|witch|wizard
activities	🎮		비디오 게임|게임|게임패드|엔터테인먼트|컨트롤러	video game|controller|entertainment|game|video
activities	🕹️		조이스틱|게임|비디오 게임|조종대	joystick|game|video|videogame
activities	🎰		슬롯 머신|갬블|게임|도박|슬롯|카지노|파칭코	slot machine|casino|gamble|gambling|game|machine|slot|slots
activities	🎲		주사위|게임|경기|경기에서 짐|엔터테인먼트	game die|dice|die|entertainment|game
activities	🧩		퍼즐|조각|조각퍼즐|직소|직소퍼즐	puzzle piece|clue|interlocking|jigsaw|piece|puzzle
activities	🧸		테디 베어|곰|곰인형|놀잇감|솜인형|장난감|테디	teddy bear|bear|plaything|plush|stuffed|teddy|toy
activities	🪅		피냐타|멕시코|사탕|신코 데 마요|씽꼬 데 마요|축하|캔디|파티	piñata|candy|celebrate|celebration|cinco|de|festive|mayo|party|pinada|pinata
activities	🪩		미러볼|댄스|디스코|반짝반짝|볼|춤|파티	mirror ball|ball|dance|disco|glitter|mirror|party
activities	🪆		네스팅 인형|러시아|마트료시카|바부슈카|인형	nesting dolls|babooshka|baboushka|babushka|doll|dolls|matryoshka|nesting|russia
activities	♠️		스페이드|게임|스페이드 모양|카드	spade suit|card|game|spade|suit
activities	♥️		하트|감정|게임|카드 게임|하트 모양	heart suit|card|emotion|game|heart|hearts|suit
activities	♦️		다이아몬드|게임|다이아몬드 무늬|카드	diamond suit|card|diamond|game|suit
activities	♣️		클럽|게임|카드 게임|클로바 무늬	club suit|card|club|clubs|game|suit
activities	♟️		체스 폰|소모품|체스 말|폰	chess pawn|chess|dupe|expendable|pawn
activities	🃏		조커|게임|와일드카드|카드	joker|card|game|wildcard
activities	🀄		마작|게임|마작 기호|마작 빨간 용|빨간색	mahjong red dragon|dragon|game|mahjong|red
activities	🎴		화투|게임|고스톱|놀기|도박|일본|카드|화투게임|화투패	flower playing cards|card|cards|flower|game|japanese|playing
activities	🎭		가면|공연|극장|마스크|배우|셰익스피어|엔터테인먼트|여배우|영화관|예술	performing arts|actor|actress|art|arts|entertainment|mask|performing|theater|theatre|thespian
activities	🖼️		그림 액자|그림|박물관|액자|액자에 걸린 사진|예술|작품	framed picture|art|frame|framed|museum|painting|picture
activities	🎨		팔레트|그림|그림 그리기|다채로운|미술|박물관|엔터테인먼트|예술|예술가 팔레트|예술적인|화가	artist palette|art|artist|artsy|arty|colorful|creative|entertainment|museum|painter|painting|palette
activities	🧵		실타래|뜨개질|바느질|바늘|실	thread|needle|sewing|spool|string
activities	🪡		바늘|바느질|봉합|실|자수|재단|재봉 바늘	sewing needle|embroidery|needle|sew|sewing|stitches|sutures|tailoring|thread
activities	🧶		실뭉치|공|니트|뜨개질|코바늘	yarn|ball|crochet|knit
activities	🪢		매듭|꼬인|끈|노끈|밧줄|새끼|엉킨|코드	knot|cord|rope|tangled|tie|twine|twist
objects	👓		안경|눈|안경류|의류	glasses|clothing|eye|eyeglasses|eyewear
objects	🕶️		선글라스|눈|안경|안경류|어두운	sunglasses|dark|eye|eyewear|glasses
objects	🥽		고글|다이빙|물안경|수영|수영 안경|안구 보호 장비|용접	goggles|dive|eye|protection|scuba|swimming|welding
objects	🥼		실험실 가운|과학자|실험실|옷|의사|자켓|흰 가운	lab coat|clothes|coat|doctor|dr|experiment|jacket|lab|scientist|white
objects	🦺		구명조끼|안전|안전조끼|응급|조끼	safety vest|emergency|safety|vest
objects	👔		넥타이|격식있는|샐러리맨|셔츠|의류|직장인|타이	necktie|clothing|employed|serious|shirt|tie
objects	👕		티셔츠|쇼핑|옷|의류|주말|칼라|티|파란색	t-shirt|blue|casual|clothes|clothing|collar|dressed|shirt|shopping|tshirt|weekend
objects	👖		바지|데님|면바지|블루|쇼핑|의류|주말|진|차려입음|청바지|캐주얼	jeans|blue|casual|clothes|clothing|denim|dressed|pants|shopping|trousers|weekend
objects	🧣		스카프|따뜻하게 두른|목도리|추위	scarf|bundle|cold|neck|up
objects	🧤		장갑|손	gloves|hand
objects	🧥		코트|따뜻하게 입은|재킷	coat|brr|bundle|cold|jacket|up
objects	🧦		양말|스타킹	socks|stocking
objects	👗		원피스|드레스|쇼핑|옷|의류|차려입은|화려한	dress|clothes|clothing|dressed|fancy|shopping
objects	👘		기모노|의류|일본 기모노|편안	kimono|clothing|comfortable
objects	🥻		사리|드레스|옷|의복	sari|clothing|dress
objects	🩱		원피스 수영복|수영복	one-piece swimsuit|bathing|one-piece|suit|swimsuit
objects	🩲		삼각 수영복|수영복|언더웨어	briefs|bathing|one-piece|suit|swimsuit|underwear
objects	🩳		반바지|수영복	shorts|bathing|pants|suit|swimsuit|underwear
objects	👙		비키니|수영|수영복|수영장|의류|해변	bikini|bathing|beach|clothing|pool|suit|swim
objects	👚		여성복|블라우스|셔츠|쇼핑|숙녀|여자|옷|의류|칼라	woman’s clothes|blouse|clothes|clothing|collar|dress|dressed|lady|shirt|shopping|woman|woman’s
objects	🪭		접이식 손 부채|더운|부끄러운|부채|시원한|춤|펄럭 펄럭	folding hand fan|clack|clap|cool|cooling|dance|fan|flirt|flutter|folding|hand|hot|shy
objects	👛		지갑|고급|동전|드레스|쇼핑|옷|의류|핸드백	purse|clothes|clothing|coin|dress|fancy|handbag|shopping
objects	👜		핸드백|가방|드레스|백|쇼핑|여성|옷|의류|지갑	handbag|bag|clothes|clothing|dress|lady|purse|shopping
objects	👝		파우치|가방|드레스|옷|의류|클러치|클러치 백|핸드백	clutch bag|bag|clothes|clothing|clutch|dress|handbag|pouch|purse
objects	🛍️		쇼핑백|가방|쇼핑|쇼핑가방|호텔	shopping bags|bag|bags|hotel|shopping
objects	🎒		학교 가방|가방|배낭|책가방|학생 가방	backpack|backpacking|bag|bookbag|education|rucksack|satchel|school
objects	🩴		가락신|가죽 끈|비치 샌들|샌달|샌들|신발|조리|플립플랍|해변	thong sandal|beach|flip|flop|sandal|sandals|shoe|thong|thongs|zōri
objects	👞		남성용 구두|구두|남성용 신발|남자|발|발차기|브라운|쇼핑|신발|옷|의류	man’s shoe|brown|clothes|clothing|feet|foot|kick|man|man’s|shoe|shoes|shopping
objects	👟		운동화|달리기|러닝|러닝화|발차기|빠른|쇼핑|스니커즈|신발|육상|의류	running shoe|athletic|clothes|clothing|fast|kick|running|shoe|shoes|shopping|sneaker|tennis
objects	🥾		등산화|등산|부츠|브라운 신발|캠핑|하이킹	hiking boot|backpacking|boot|brown|camping|hiking|outdoors|shoe
objects	🥿		플랫 슈즈|단화|발레 슈즈|슬립온|편안한	flat shoe|ballet|comfy|flat|flats|shoe|slip-on|slipper
objects	👠		하이힐|구두|드레스|쇼핑|스틸레토|신발|여성용 구두|여성용 신발|여자|의류|패션	high-heeled shoe|clothes|clothing|dress|fashion|heel|heels|high-heeled|shoe|shoes|shopping|stiletto|woman
objects	👡		샌들|신발|여성용 샌들|여성용 신발|여자	woman’s sandal|clothing|sandal|shoe|woman|woman’s
objects	🩰		발레 슈즈|발레|춤	ballet shoes|ballet|dance|shoes
objects	👢		부츠|쇼핑|신발|여성용 부츠|여성용 신발|여자|의류	woman’s boot|boot|clothes|clothing|dress|shoe|shoes|shopping|woman|woman’s
objects	🪮		머리 빗|빗|아프로|헤어	hair pick|afro|comb|groom|hair|pick
objects	👑		왕관|승리|여왕|왕|왕족|의류	crown|clothing|family|king|medieval|queen|royal|royalty|win
objects	👒		여성용 모자|가든 파티|모자|여자|의류|챙 넓은 모자	woman’s hat|clothes|clothing|garden|hat|hats|party|woman|woman’s
objects	🎩		마술사 모자|격식차린|마술|마술사|실크해트|의류|탑햇|화려한	top hat|clothes|clothing|fancy|formal|hat|magic|top|tophat
objects	🎓		졸업 모자|교육|모자|의류|졸업|졸업생|졸업식|학자	graduation cap|cap|celebration|clothing|education|graduation|hat|scholar
objects	🧢		야구모자|구부린 모자|아빠 모자|캡	billed cap|baseball|bent|billed|cap|dad|hat
objects	🪖		군용 헬멧|군대|군모|군용|군인|부대|전사|전쟁|헬멧	military helmet|army|helmet|military|soldier|war|warrior
objects	⛑️		흰 십자가가 있는 헬멧|구급|구조대원 헬멧|도움|모자|십자가|안전요원|얼굴|헬멧	rescue worker’s helmet|aid|cross|face|hat|helmet|rescue|worker’s
objects	📿		묵주|기도|묵주 목걸이|미사|예배|의류|종교	prayer beads|beads|clothing|necklace|prayer|religion
objects	💄		립스틱|데이트|연애|코스메틱|화장|화장품	lipstick|cosmetics|date|makeup
objects	💍		반지|결혼|결혼식|눈이 부신|다이아몬드|로맨스|링|빛나는|약혼	ring|diamond|engaged|engagement|married|romance|shiny|sparkling|wedding
objects	💎		원석|결혼식|다이아몬드|돈|로맨스|보석|약혼	gem stone|diamond|engagement|gem|jewel|money|romance|stone|wedding
objects	🔇		무음|소리|소리 끄기|소리 없는|소리 없음|스피커|음소거|음소거된 스피커|조용한	muted speaker|mute|muted|quiet|silent|sound|speaker
objects	🔈		스피커|부드러운|소리|소리 있음|스피커 소리 낮게	speaker low volume|low|soft|sound|speaker|volume
objects	🔉		스피커 소리 작게|미디엄|소리|소리 작게|소리 작음|소리 줄이기|스피커 미디엄 소리	speaker medium volume|medium|sound|speaker|volume
objects	🔊		스피커 소리 크게|높게|소리|소리 큼|소리 키우기|음악|크게	speaker high volume|high|loud|music|sound|speaker|volume
objects	📢		확성기|메가폰|연설|커뮤니케이션|크게	loudspeaker|address|communication|loud|public|sound
objects	📣		메가폰|소리|응원	megaphone|cheering|sound
objects	📯		호른|나팔|악기|우편	postal horn|horn|post|postal
objects	🔔		종|교회|벨|소리|쉬는시간	bell|break|church|sound
objects	🔕		음소거|금지|벨|소리|소리 없음|안됨|조용한	bell with slash|bell|forbidden|mute|no|not|prohibited|quiet|silent|slash|sound
objects	🎼		높은음자리표|높은음자리|악보|음악|음표	musical score|music|musical|note|score
objects	🎵		음표|소리|음악	musical note|music|musical|note|sound
objects	🎶		노래 음표|소리|음악|음표	musical notes|music|musical|note|notes|sound
objects	🎙️		스튜디오 마이크|마이크|마이크로폰|사회자 마이크|스튜디오|음악	studio microphone|mic|microphone|music|studio
objects	🎚️		레벨 슬라이더|레벨|슬라이더|음악	level slider|level|music|slider
objects	🎛️		컨트롤 레버|손잡이|음악|조작 레버|컨트롤	control knobs|control|knobs|music
objects	🎤		마이크|가라오케|노래|노래방|소리|음악|행사	microphone|karaoke|mic|music|sing|sound
objects	🎧		헤드폰|소리|음악 감상|이어버드|이어폰	headphone|earbud|sound
objects	📻		라디오|fm|비디오|엔터테인먼트|옛날 회상	radio|entertainment|tbt|video
objects	🎷		색소폰|악기|연주|음악	saxophone|instrument|music|sax
objects	🎺		트럼펫|악기|연주|음악	trumpet|instrument|music
objects	🪊		트롬본|금관|브라스|슬라이드|슬픈|악기|음악|재즈	trombone|brass|instrument|jazz|music|sad|slide
objects	🪗		아코디언|스퀴즈 박스|악기|음악|콘서티나	accordion|box|concertina|instrument|music|squeeze|squeezebox
objects	🎸		기타|스트라토|스트라토캐스터|악기|연주|음악|통기타	guitar|instrument|music|strat
objects	🎹		피아노|건반|악기|연주|음악	musical keyboard|instrument|keyboard|music|musical|piano
objects	🎻		바이올린|스트라디바리우스|악기|연주|음악	violin|instrument|music
objects	🪕		밴조|음악|현악기	banjo|music|stringed
objects	🥁		드럼|북|북채|음악	drum|drumsticks|music
objects	🪘		긴 북|드럼|리듬|박자|북|악기|콩가	long drum|beat|conga|drum|instrument|long|rhythm
objects	🪇		마라카스|달가닥 소리|댄스|떨림|악기|음악|춤|타악기|파티	maracas|cha|dance|instrument|music|party|percussion|rattle|shake|shaker
objects	🪈		플루트|리코더|목관악기|밴드|악기|오케스트라|음악|파이프|플루티스트|피리|행진	flute|band|fife|flautist|instrument|marching|music|orchestra|piccolo|pipe|recorder|woodwind
objects	🪉		하프|관현악|사랑|악기|연주|음악|큐피드	harp|cupid|instrument|love|music|orchestra
objects	📱		휴대전화|모바일폰|셀폰|전화|커뮤니케이션|휴대폰	mobile phone|cell|communication|mobile|phone|telephone
objects	📲		왼쪽에 화살표가 있는 휴대전화|만들다|모바일|모바일폰|소통|수신|주파수|통화|화살표|화살표가 있는 휴대전화|휴대전화|휴대폰	mobile phone with arrow|arrow|build|call|cell|communication|mobile|phone|receive|telephone
objects	☎️		전화기|유선전화|전화	telephone|phone
objects	📞		수화기|인터넷 전화|전화|전화기|커뮤니케이션	telephone receiver|communication|phone|receiver|telephone|voip
objects	📟		삐삐|커뮤니케이션|호출기	pager|communication
objects	📠		팩스|커뮤니케이션|팩스기|팩시밀리	fax machine|communication|fax|machine
objects	🔋		배터리|건전지|배터리 충전	battery
objects	🪫		배터리 부족|방전|배터리|배터리 없음|전기|전원 없음|파워 부족	low battery|battery|drained|electronic|energy|low|power
objects	🔌		전기 플러그|전기|플러그	electric plug|electric|electricity|plug
objects	💻		노트북|pc|개인|랩탑|사무실|컴퓨터|피씨	laptop|computer|office|pc|personal
objects	🖥️		데스크톱 컴퓨터|데스크톱|모니터|컴퓨터	desktop computer|computer|desktop|monitor
objects	🖨️		프린터|인쇄기|컴퓨터	printer|computer
objects	⌨️		키보드|컴퓨터	keyboard|computer
objects	🖱️		컴퓨터 마우스|마우스|컴퓨터	computer mouse|computer|mouse
objects	🖲️		트랙볼|마우스|컴퓨터	trackball|computer
objects	💽		엠디|md|광학|디스크|미니 디스크|컴퓨터	computer disk|computer|disk|minidisk|optical
objects	💾		플로피 디스크|디스켓|디스크|컴퓨터	floppy disk|computer|disk|floppy
objects	💿		씨디|cd|dvd|광학|디비디|디스크|블루레이|시디	optical disk|blu-ray|cd|computer|disk|dvd|optical
objects	📀		디비디|dvd|광학|블루레이|시디|컴퓨터	dvd|blu-ray|cd|computer|disk|optical
objects	🧮		주판|계산|암산	abacus|calculation|calculator
objects	🎥		영화 카메라|발리우드|시네마|영화|촬영|카메라|할리우드	movie camera|bollywood|camera|cinema|film|hollywood|movie|record
objects	🎞️		영화 프레임|시네마|영화|프레임|필름	film frames|cinema|film|frames|movie
objects	📽️		영화 프로젝터|무비|비디오|시네마|영사기|영화|프로젝터	film projector|cinema|film|movie|projector|video
objects	🎬		슬레이트|액션|영화|영화 촬영|클래퍼보드	clapper board|action|board|clapper|movie
objects	📺		텔레비전|tv|비디오|티비	television|tv|video
objects	📷		카메라|동영상|비디오|사진|사진 촬영|셀카|스냅|여행|지난 시절	camera|photo|selfie|snap|tbt|trip|video
objects	📸		플래시를 터트리고 있는 카메라|비디오|카메라|플래시|플래시 터트린 카메라	camera with flash|camera|flash|video
objects	📹		캠코더|동영상 촬영|비디오|지난 시절|카메라	video camera|camcorder|camera|tbt|video
objects	📼		비디오테이프|구식|비디오|비디오카세트|테이프	videocassette|old|school|tape|vcr|vhs|video
objects	🔍		왼쪽으로 향한 돋보기|검색|검색하기|과학|도구|연구실|유리	magnifying glass tilted left|glass|lab|left|left-pointing|magnifying|science|search|tilted|tool
objects	🔎		오른쪽으로 향한 돋보기|검색|검색하기|과학|도구|돋보기	magnifying glass tilted right|contact|glass|lab|magnifying|right|right-pointing|science|search|tilted|tool
objects	🕯️		양초|빛|캔들	candle|light
objects	💡		전구|기발한 생각|빛|아이디어|아하|전기	light bulb|bulb|comic|electric|idea|light
objects	🔦		손전등|도구|빛|전기|전등|플래시라이트	flashlight|electric|light|tool|torch
objects	🏮		일본식 등|등|레스토랑|바|빛|선술집|식당|이자카야|일본|일본식 선술집|홍등	red paper lantern|bar|lantern|light|paper|red|restaurant
objects	🪔		기름 램프|기름|디야|램프	diya lamp|diya|lamp|light|oil
objects	📔		표지가 있는 노트|공책|노트|표지|필기|학교	notebook with decorative cover|book|cover|decorated|decorative|education|notebook|school|writing
objects	📕		펼치지 않은 책|교육|도서|책	closed book|book|closed|education
objects	📖		펼쳐진 책|교육|도서관|독서|소설|지식|책|판타지|펼침	open book|book|education|fantasy|knowledge|library|novels|open|reading
objects	📗		초록색 책|교육|녹색 책|도서관|독서|책|판타지	green book|book|education|fantasy|green|library|reading
objects	📘		파란색 책|교육|도서관|책|파란 책|파란색|판타지	blue book|blue|book|education|fantasy|library|reading
objects	📙		주황색 책|교육|도서관|독서|오렌지|오렌지색 책|책|판타지	orange book|book|education|fantasy|library|orange|reading
objects	📚		책 여러 권|공부|교육|도서관|독서|소설|지식|책|판타지|학교	books|book|education|fantasy|knowledge|library|novels|reading|school|study
objects	📓		공책|노트	notebook
objects	📒		노트|공책|원장|장부	ledger|notebook
objects	📃		안으로 말린 문서|말린|문서|페이지	page with curl|curl|document|page|paper
objects	📜		문서|두루마리|스크롤	scroll|paper
objects	📄		오른쪽 모서리가 접힌 문서|문서|페이지	page facing up|document|facing|page|paper|up
objects	📰		신문|뉴스|소식|소식지|소통|정보	newspaper|communication|news|paper
objects	🗞️		돌돌 말린 신문|뉴스|말린|신문|신문 뭉치	rolled-up newspaper|news|newspaper|paper|rolled|rolled-up
objects	📑		북마크 탭|마커|북마크|탭|포스트잇|표시	bookmark tabs|bookmark|mark|marker|tabs
objects	🔖		북마크|마크|책갈피|표시	bookmark|mark
objects	🏷️		라벨|택	label|tag
objects	🪙		동전|골드|금|금속|달러|돈|보물|부자|유로|은|코인	coin|dollar|euro|gold|metal|money|rich|silver|treasure
objects	💰		돈주머니|10억|가방|내기|달러|돈가방|부자|승리|은행|주머니|지불|현금	money bag|bag|bank|bet|billion|cash|cost|dollar|gold|million|money|moneybag|paid|paying|pot|rich|win
objects	🪎		보물 상자|귀중품|금|돈|보석|부|상|상품|은|전리품	treasure chest|gem|gold|jewels|loot|money|prize|silver|valuables|wealth
objects	💴		엔|돈|엔화|일본 돈|일본 화폐|지폐|화폐	yen banknote|bank|banknote|bill|currency|money|note|yen
objects	💵		달러|달러화|돈|미국 돈|미국 화폐|은행|지폐|화폐	dollar banknote|bank|banknote|bill|currency|dollar|money|note
objects	💶		유로|100|부자|유럽 돈|유럽 화폐|유로화|은행|지폐|화폐	euro banknote|100|bank|banknote|bill|currency|euro|money|note|rich
objects	💷		파운드|10억|돈|영국 돈|영국 화폐|은행|지폐|파운드화|현금|화폐	pound banknote|bank|banknote|bill|billion|cash|currency|money|note|pound|pounds
objects	💸		날개 달린 돈|날개|날아가는 돈|달러|돈|돈 날림|백만|손해|은행|지폐|페이|현금	money with wings|bank|banknote|bill|billion|cash|dollar|fly|million|money|note|pay|wings
objects	💳		신용카드|돈|은행|지불|카드|페이|현금	credit card|bank|card|cash|charge|credit|money|pay
objects	🧾		영수증|기록|증빙|청구|회계	receipt|accounting|bookkeeping|evidence|invoice|proof
objects	💹		엔화 관련 상승하는 그래프|그래프|성장|시장|은행|인상|차트|추세|트렌드|호황|화폐	chart increasing with yen|bank|chart|currency|graph|growth|increasing|market|money|rise|trend|upward|yen
objects	✉️		봉투|이메일|편지	envelope|e-mail|email|letter
objects	📧		이메일|우편|편지	e-mail|email|letter|mail
objects	📨		받은 편지|받은|봉투|수신된 이메일|수신된 편지|이메일|편지	incoming envelope|delivering|e-mail|email|envelope|incoming|letter|mail|receive|sent
objects	📩		보낸 편지|발송|보낸 이메일|보냄|봉투|이메일|전송된 이메일|전송된 편지|커뮤니케이션|편지|화살표|화살표가 있는 편지 봉투	envelope with arrow|arrow|communication|down|e-mail|email|envelope|letter|mail|outgoing|send|sent
objects	📤		보낸 편지함|메일 전송|보낸편지함|이메일|편지|편지 보내기|편지함	outbox tray|box|email|letter|mail|outbox|sent|tray
objects	📥		받은 편지함|메일 수신|받은편지함|수신|이메일|텅 빈 받은 편지함|편지|편지 받기	inbox tray|box|email|inbox|letter|mail|receive|tray|zero
objects	📦		소포|꾸러미|배송|소포 박스|소포 상자|커뮤니케이션|택배	package|box|communication|delivery|parcel|shipping
objects	📫		표지가 올라간 닫힌 우편함|깃발이 올려진 닫힌 우편함|닫힌|소통|우편함|편지|편지함	closed mailbox with raised flag|closed|communication|flag|mail|mailbox|postbox|raised
objects	📪		표지가 내려간 닫힌 우편함|깃발이 내려진 닫힌 우편함|내려간|우체통|우편함|편지	closed mailbox with lowered flag|closed|flag|lowered|mail|mailbox|postbox
objects	📬		표지가 올라간 열린 우편함|깃발이 올려진 열린 우편함|열린|우편함|편지|편지함	open mailbox with raised flag|flag|mail|mailbox|open|postbox|raised
objects	📭		표지가 내려간 열린 우편함|깃발이 내려진 열린 우편함|내려진|열린|우편함|편지|편지함	open mailbox with lowered flag|flag|lowered|mail|mailbox|open|postbox
objects	📮		우편함|우체국|우체통|편지	postbox|mail|mailbox
objects	🗳️		투표 용지가 있는 투표 상자|상자|투표|투표상자	ballot box with ballot|ballot|box
objects	✏️		연필|필기도구	pencil
objects	✒️		검은색 펜촉|펜|펜촉	black nib|black|nib|pen
objects	🖋️		만년필|펜|펜촉|필기도구	fountain pen|fountain|pen
objects	🖊️		펜|볼펜	pen|ballpoint
objects	🖌️		붓|페인트 브러쉬|페인트붓|페인팅	paintbrush|painting
objects	🖍️		크레용|크레파스	crayon
objects	📝		메모|노트|메모장|메모지|미디어|소통|연필	memo|communication|media|notes|pencil
objects	🪌		지우개|그리기|그림|글쓰기|문지르기|삭제|수정|실수|실행 취소|오류|제거|지우기	eraser|correction|delete|drawing|erase|error|mistake|remove|rub|undo|writing
objects	💼		서류 가방|가방|사무실	briefcase|office
objects	📁		폴더|파일	file folder|file|folder
objects	📂		폴더 열기|열기|열린 파일 폴더|열린 폴더|파일|폴더	open file folder|file|folder|open
objects	🗂️		카드 색인 파일|분류|색인|인덱스|카드|파일|폴더	card index dividers|card|dividers|index
objects	📅		달력|날짜|일정|캘린더	calendar|date
objects	📆		뜯어진 달력|달력|일정|캘린더|한 장씩 뜯어내는 달력	tear-off calendar|calendar|tear-off
objects	🗒️		스프링 노트|노트|수첩|패드	spiral notepad|note|notepad|pad|spiral
objects	🗓️		스프링 달력|달력|벽걸이 달력|캘린더|패드	spiral calendar|calendar|pad|spiral
objects	📇		카드 인덱스|명함|색인|옛날 방식|인덱스|카드	card index|card|index|old|rolodex|school
objects	📈		상승하는 그래프|그래프|데이터|상승 그래프|상향|성장|오른쪽으로 상승|추세|트렌드|호황	chart increasing|chart|data|graph|growth|increasing|right|trend|up|upward
objects	📉		내려가는 그래프|그래프|내려가는|데이터|불황|아래|차트|추세|트렌드|하향	chart decreasing|chart|data|decreasing|down|downward|graph|negative|trend
objects	📊		막대 그래프|그래프|데이터|막대|막대그래프|차트	bar chart|bar|chart|data|graph
objects	📋		클립보드|노트|클리핑|클립|할일	clipboard|do|list|notes
objects	📌		압정|콜라주|핀	pushpin|collage|pin
objects	📍		둥근 머리 핀|둥근 머리 압정|압정|지도|핀	round pushpin|location|map|pin|pushpin|round
objects	📎		클립|종이 클립	paperclip
objects	🖇️		이어져 있는 클립|연결된|클립|페이퍼 클립	linked paperclips|link|linked|paperclip|paperclips
objects	📏		자|수학|직각|직선자	straight ruler|angle|edge|math|ruler|straight|straightedge
objects	📐		삼각자|각|삼각형|수학|자	triangular ruler|angle|math|rule|ruler|set|slide|triangle|triangular
objects	✂️		가위|기구|도구|자르기|종이	scissors|cut|cutting|paper|tool
objects	🗃️		카드 파일 상자|상자|카드|파일	card file box|box|card|file
objects	🗄️		파일 보관 서랍장|캐비닛|파일|파일철	file cabinet|cabinet|file|filing|paper
objects	🗑️		쓰레기통|휴지통	wastebasket|can|garbage|trash|waste
objects	🔒		자물쇠|락|사적인|잠금	locked|closed|lock|private
objects	🔓		열린 자물쇠|락|자물쇠|잠금풀림|잠금해제	unlocked|cracked|lock|open|unlock
objects	🔏		자물쇠와 펜|사생활|잉크|자물쇠|펜|펜촉|프라이버시	locked with pen|ink|lock|locked|nib|pen|privacy
objects	🔐		자물쇠와 열쇠|보안|안전|열쇠|자물쇠|자전거 자물쇠|잠금	locked with key|bike|closed|key|lock|locked|secure
objects	🔑		열쇠|잠금해제|중요 열쇠|패스워드	key|keys|lock|major|password|unlock
objects	🗝️		오래된 열쇠|단서|보물 열쇠|열쇠|자물쇠	old key|clue|key|lock|old
objects	🪍		잠자리채|그물|덫|모으다|잡다|채집	net with handle|catch|collect|mesh|trap
objects	🔨		망치|도구|주택 개조|주택 수리|해머	hammer|home|improvement|repairs|tool
objects	🪓		도끼|나무|손도끼|쪼개기	axe|ax|chop|hatchet|split|wood
objects	⛏️		곡괭이|광산|망치|장비	pick|hammer|mining|tool
objects	⚒️		망치와 곡괭이|곡괭이|망치|장비	hammer and pick|hammer|pick|tool
objects	🛠️		망치와 렌치|도구|렌치|망치|스패너|장비	hammer and wrench|hammer|spanner|tool|wrench
objects	🗡️		단검|단도|대거|무기|칼	dagger|knife|weapon
objects	⚔️		쌍검|검|교차된 검 두개|무기	crossed swords|crossed|swords|weapon
objects	💣		폭탄|뜨거운|만화|위험한|코믹|폭발	bomb|boom|comic|dangerous|explosion|hot
objects	🪃		부메랑|무기|반동|영향	boomerang|rebound|repercussion|weapon
objects	🏹		활과 화살|궁수|무기|별자리|사수자리|장비|화살|활	bow and arrow|archer|archery|arrow|bow|sagittarius|tool|weapon|zodiac
objects	🛡️		방패|무기|보호	shield|weapon
objects	🪚		목공 톱|도구|목수|목재|자르기|장비|톱|톱질|트림	carpentry saw|carpenter|carpentry|cut|lumber|saw|tool|trim
objects	🔧		렌치|도구|스패너|주택 수리	wrench|home|improvement|spanner|tool
objects	🪛		드라이버|나사|도구|일자|장비|편리한	screwdriver|flathead|handy|screw|tool
objects	🔩		볼트와 너트|나사|너트|도구|볼트|주택 개조|주택 수리	nut and bolt|bolt|home|improvement|nut|tool
objects	⚙️		톱니바퀴|기어|도구	gear|cog|cogwheel|tool
objects	🗜️		압축기|바이스|연장|콤프레셔|클램프	clamp|compress|tool|vice
objects	⚖️		접시저울|공평한|균형|별자리|저울|정의|천칭자리	balance scale|balance|justice|libra|scale|scales|tool|weight|zodiac
objects	🦯		시각장애인 지팡이|시각장애|접근성|지팡이	white cane|accessibility|blind|cane|probing|white
objects	🔗		링크|링크 표시|이음	link|links
objects	⛓️‍💥		끊어진 쇠사슬|끊어진|부서진|사슬|수갑|자유|족쇄	broken chain|break|breaking|broken|chain|cuffs|freedom
objects	⛓️		쇠사슬|사슬|체인	chains|chain
objects	🪝		갈고리|걸리게 하다|고리|곡선|팔리는|후크|훅	hook|catch|crook|curve|ensnare|point|selling
objects	🧰		공구통|공구|공구함|정비공	toolbox|box|chest|mechanic|red|tool
objects	🧲		자석|u자|마그넷|말굽 자석|양극 음극|자력|편자	magnet|attraction|horseshoe|magnetic|negative|positive|shape|u
objects	🪜		사다리|계단|단계|발판 사다리|상승|오르다	ladder|climb|rung|step
objects	🪏		삽|구멍|눈|뜨다|묻다|심다|정원|파다	shovel|bury|dig|garden|hole|plant|scoop|snow|spade
objects	⚗️		증류기|도구|정류|정화|증류|화학	alembic|chemistry|tool
objects	🧪		시험관|과학|실험|연구실|화학|화학자	test tube|chemist|chemistry|experiment|lab|science|test|tube
objects	🧫		페트리 접시|미생물|박테리아|생물학|생물학자|실험실	petri dish|bacteria|biologist|biology|culture|dish|lab|petri
objects	🧬		dna|생물|생물학|생물학자|유전|유전학|진화	dna|biologist|evolution|gene|genetics|life
objects	🔬		현미경|과학|기구|도구|실험|연구실|장치	microscope|experiment|lab|science|tool
objects	🔭		망원경|과학|도구|발견|외계인|장비	telescope|contact|extraterrestrial|science|tool
objects	📡		위성 안테나|과학|발견|안테나|외계인|위성|위성 방송|접시	satellite antenna|aliens|antenna|contact|dish|satellite|science
objects	💉		주사기|도구|독감 주사|백신|병원|아픔|의사|의학|주사 바늘|치료	syringe|doctor|flu|medicine|needle|shot|sick|tool|vaccination
objects	🩸		핏방울|생리|의학|헌혈	drop of blood|bleed|blood|donation|drop|injury|medicine|menstruation
objects	💊		알약|비타민|아픔|약|약물|의사|의학	pill|doctor|drugs|medicated|medicine|pills|sick|vitamin
objects	🩹		반창고|밴드	adhesive bandage|adhesive|bandage
objects	🩼		목발|다치다|다친|다침|도움|막대|보조|이동 보조|장애|지팡이|헬프	crutch|aid|cane|disability|help|hurt|injured|mobility|stick
objects	🩺		청진기|심박수|심장|의사|의학	stethoscope|doctor|heart|medicine
objects	🩻		엑스레이|뼈|스컬|스켈레톤|의료|의사|해골	x-ray|bones|doctor|medical|skeleton|skull|xray
objects	🚪		문|도어|뒷문|앞문|웃장	door|back|closet|front
objects	🛗		엘리베이터|승강 장치|승강기|접근성	elevator|accessibility|hoist|lift
objects	🪞		거울|메이크업|반사|반사경|반사체|화장	mirror|makeup|reflection|reflector|speculum
objects	🪟		창문|맑은 공기|윈도우|전망|창|창틀|투명한	window|air|frame|fresh|opening|transparent|view
objects	🛏️		침대|잠|호텔	bed|hotel|sleep
objects	🛋️		소파와 전등|램프|소파|소파와 등|전등|카우치|호텔	couch and lamp|couch|hotel|lamp
objects	🪑		의자|앉기|좌석	chair|seat|sit
objects	🚽		변기|화장실	toilet|bathroom
objects	🪠		뚫어뻥|똥|배관공|변기|빨아들이기|화장실|흡입	plunger|cup|force|plumber|poop|suction|toilet
objects	🚿		샤워|물	shower|water
objects	🛁		욕조|목욕|샤워	bathtub|bath
objects	🪤		쥐덫|덫|루어|미끼|치즈|함정	mouse trap|bait|cheese|lure|mouse|mousetrap|snare|trap
objects	🪒		면도칼|날카로운|면도|면도기	razor|sharp|shave
objects	🧴		로션|로션통|모이스처라이저|샴푸|선크림	lotion bottle|bottle|lotion|moisturizer|shampoo|sunscreen
objects	🧷		옷핀|고정용 핀	safety pin|diaper|pin|punk|rock|safety
objects	🧹		빗자루|마녀|비질|청소	broom|cleaning|sweeping|witch
objects	🧺		바구니|빨래바구니|소풍	basket|farming|laundry|picnic
objects	🧻		두루마리|종이 수건|종이 타월|페이퍼 타월|화장지|휴지	roll of paper|paper|roll|toilet|towels
objects	🪣		양동이|들통|버킷|통	bucket|cask|pail|vat
objects	🧼		비누|목욕|비누 거품|비누 그릇|비누통|클렌징	soap|bar|bathing|clean|cleaning|lather|soapdish
objects	🫧		거품|물 속|물에 둥둥|버블|비누|진주|청소|트림	bubbles|bubble|burp|clean|floating|pearl|soap|underwater
objects	🪥		칫솔|깨끗한|브러시|솔|욕실|위생|이	toothbrush|bathroom|brush|clean|dental|hygiene|teeth|toiletry
objects	🧽		스펀지|구멍이 뽕뽕|청소|흡수	sponge|absorbing|cleaning|porous|soak
objects	🧯		소화기|소화|진화|화재	fire extinguisher|extinguish|extinguisher|fire|quench
objects	🛒		쇼핑카트|쇼핑|장보기|카트	shopping cart|cart|shopping|trolley
objects	🚬		흡연 구역 신호|담배|흡연	cigarette|smoking
objects	⚰️		관|뱀파이어|장례식|죽은|죽음|흡혈귀	coffin|dead|death|vampire
objects	🪦		묘비|기일|묘석|묘지|무덤|비석|삼가 고인의 명복을 빕니다|죽음	headstone|cemetery|dead|grave|graveyard|memorial|rip|tomb|tombstone
objects	⚱️		납골 단지|단지|유골함|장례식|재|죽음	funeral urn|ashes|death|funeral|urn
objects	🧿		악마의 눈|구슬|나자르|부적|탈리스만|파란색	nazar amulet|amulet|bead|blue|charm|evil-eye|nazar|talisman
objects	🪬		함사|가이드|마리아|미리암|보호|부적|손|손바닥|안내|운|파티마|핸드	hamsa|amulet|fatima|fortune|guide|hand|mary|miriam|palm|protect|protection
objects	🗿		모아이|동상|리톱스|모아이상|석상|여행	moai|face|moyai|statue|stoneface|travel
objects	🪧		플래카드|데모|사인|시위|알림판|카드|표지판|피켓	placard|card|demonstration|notice|picket|plaque|protest|sign
objects	🪪		신분증|id|라이센스|문서|보안|신원|아이디|자격증|허가증	identification card|card|credentials|document|id|identification|license|security
objects	⌛		시간이 다 된 모래시계|모래|모래시계|시간|타이머	hourglass done|done|hourglass|sand|time|timer
objects	⏳		시간이 남은 모래시계|기다림|모래|모래가 떨어지는 모래시계|모래시계|시간|욜로|타이머	hourglass not done|done|flowing|hourglass|hours|not|sand|timer|waiting|yolo
objects	⌚		시계|손목 시계|시간	watch|clock|time
objects	⏰		알람 시계|늦은|대기|시간|시계|알람	alarm clock|alarm|clock|hours|hrs|late|time|waiting
objects	⏱️		스톱워치|시간|시계	stopwatch|clock|time
objects	⏲️		타이머 시계|시계|타이머	timer clock|clock|timer
objects	🕰️		벽난로 선반 시계|벽난로|시간|시계	mantelpiece clock|clock|mantelpiece|time
objects	🕛		열두 시|12|12:00|12시|시계|정각	twelve o’clock|12|12:00|clock|o’clock|time|twelve
objects	🕧		열두 시 반|12:30|12시 30분|30분|시간|시계|열두 시	twelve-thirty|12|12:30|30|clock|thirty|time|twelve
objects	🕐		한 시|00분|1|1:00|1시|시간|시계|정각	one o’clock|1|1:00|clock|o’clock|one|time
objects	🕜		한 시 반|1|1:30|1시 30분|30|삼십|시간|시계|한시|한시 반	one-thirty|1|1:30|30|clock|one|thirty|time
objects	🕑		두 시|00분|2|2:00|2시|시간|시계|정각	two o’clock|2|2:00|clock|o’clock|time|two
objects	🕝		두 시 반|2:30|2시|30분|시간|시계	two-thirty|2|2:30|30|clock|thirty|time|two
objects	🕒		세 시|00분|3|3:00|3시|시간|시계|정각	three o’clock|3|3:00|clock|o’clock|three|time
objects	🕞		세 시 반|3:30|30분|3시|세시|세시 반|시간|시계	three-thirty|3|3:30|30|clock|thirty|three|time
objects	🕓		네 시|00분|4|4:00|4시|시간|시계|정각	four o’clock|4|4:00|clock|four|o’clock|time
objects	🕟		네 시 반|30|30분|4|4:30|4시|네시 반|시간|시계	four-thirty|30|4|4:30|clock|four|thirty|time
objects	🕔		다섯 시|00분|5|5:00|5시|시간|시계|정각	five o’clock|5|5:00|clock|five|o’clock|time
objects	🕠		다섯 시 반|30분|5:30|5시 30분|시간|시계	five-thirty|30|5|5:30|clock|five|thirty|time
objects	🕕		여섯 시|00분|6|6:00|6시|시간|시계|정각	six o’clock|6|6:00|clock|o’clock|six|time
objects	🕡		여섯 시 반|30분|6:30|6시 30분|시간|시계	six-thirty|30|6|6:30|clock|six|thirty
objects	🕖		일곱 시|00분|7|7:00|7시|시계|정각	seven o’clock|0|7|7:00|clock|o’clock|seven
objects	🕢		일곱 시 반|7:30|7시|7시 30분|시간|시계	seven-thirty|30|7|7:30|clock|seven|thirty
objects	🕗		여덟 시|00분|8|8:00|8시|시간|시계|정각	eight o’clock|8|8:00|clock|eight|o’clock|time
objects	🕣		여덟 시 반|30분|8:30|8시 30분|시간|시계	eight-thirty|30|8|8:30|clock|eight|thirty|time
objects	🕘		아홉 시|9|9:00|9시|시간|시계|정각	nine o’clock|9|9:00|clock|nine|o’clock|time
objects	🕤		아홉 시 반|30분|9:30|9시 30분|시간|시계	nine-thirty|30|9|9:30|clock|nine|thirty|time
objects	🕙		열 시|00분|10|10:00|10시|시계|열시 정각|정각	ten o’clock|0|10|10:00|clock|o’clock|ten
objects	🕥		열 시 반|10:30|10시|30분|시간|시계	ten-thirty|10|10:30|30|clock|ten|thirty|time
objects	🕚		열한 시|00분|11|11:00|11시|시간|시계|정각	eleven o’clock|11|11:00|clock|eleven|o’clock|time
objects	🕦		열한 시 반|11:30|11시|30분|시간|시계	eleven-thirty|11|11:30|30|clock|eleven|thirty|time
symbols	💌		러브레터|로맨스|발렌타인|사랑 고백|연애 편지|편지|하트	love letter|heart|letter|love|mail|romance|valentine
symbols	💘		화살이 꽂힌 하트|데이트|로맨스|발렌타인|사랑|사랑스러움|사랑해|연애|큐피드|하트	heart with arrow|143|adorbs|arrow|cupid|date|emotion|heart|ily|love|romance|valentine
symbols	💝		리본 달린 하트|감정|기념일|리본|발렌타인 초콜렛 상자|사랑|사랑해|선물 상자|키스|하트	heart with ribbon|143|anniversary|emotion|heart|ily|kisses|ribbon|valentine|xoxo
symbols	💖		빛나는 하트|감정|기쁨으로 가득찬 마음|두근거림|뽀뽀|뿅뿅|사랑|사랑의 기쁨|사랑해|설렘|아침|좋은 밤|키스|하트	sparkling heart|143|emotion|excited|good|heart|ily|kisses|morning|night|sparkle|sparkling|xoxo
symbols	💗		커지는 하트|감정|긴장|깊어지는 마음|깊어지는 사랑|맥박|무아|뽀뽀|사랑|사랑해|심장박동|커지는 마음|키스|하트|흥분함	growing heart|143|emotion|excited|growing|heart|heartpulse|ily|kisses|muah|nervous|pulse|xoxo
symbols	💓		두근거리는 하트|감정|두근거리는 마음|두근두근|떨리는 마음|맥박|사랑|사랑해|심장|하트	beating heart|143|beating|cardio|emotion|heart|heartbeat|ily|love|pulsating|pulse
symbols	💞		회전하는 하트|감정|귀여움|기념일|빙글빙글|사랑|사랑스러움|하트	revolving hearts|143|adorbs|anniversary|emotion|heart|hearts|revolving
symbols	💕		하트 두 개|감정|기념일|뽀뽀|사랑|사랑하는|사랑해|연애|연인|하트	two hearts|143|anniversary|date|dating|emotion|heart|hearts|ily|kisses|love|loving|two|xoxo
symbols	💟		하트 장식|보라색 하트|퍼플 하트|하얀색 하트|하트|화이트 하트	heart decoration|143|decoration|emotion|heart|hearth|purple|white
symbols	❣️		하트 모양 느낌표|느낌표|문장 부호|표시|하트	heart exclamation|bang|exclamation|heart|heavy|mark|punctuation
symbols	💔		깨진 하트|가슴이 아픈|감정|결별|슬픔|외로움|이별|이별의 고통|이별의 아픔|헤어짐	broken heart|break|broken|crushed|emotion|heart|heartbroken|lonely|sad
symbols	❤️‍🔥		불 난 하트|마음|불타는 사랑|사랑|하트	heart on fire|burn|fire|heart|love|lust|sacred
symbols	❤️‍🩹		낫고 있는 하트|건강|치유|호전|회복|힐링	mending heart|healthier|heart|improving|mending|recovering|recuperating|well
symbols	❤️		빨간색 하트|감정|마음|사랑|하트	red heart|emotion|heart|love|red
symbols	🩷		분홍색 하트|귀여움|분홍색|사랑해|좋아해|하트	pink heart|143|adorable|cute|emotion|heart|ily|like|love|pink|special|sweet
symbols	🧡		주황색 하트|오렌지색|오렌지색 하트	orange heart|143|heart|orange
symbols	💛		노란색 하트|감정|노란 하트|노란색|사랑|사랑해|심장|하트	yellow heart|143|cardiac|emotion|heart|ily|love|yellow
symbols	💚		초록색 하트|감정|그린|녹색 하트|로맨틱|사랑|사랑해|하트	green heart|143|emotion|green|heart|ily|love|romantic
symbols	💙		파란색 하트|감정|로맨스|사랑|사랑해|파란 하트|파란색|하트	blue heart|143|blue|emotion|heart|ily|love|romance
symbols	🩵		밝은 파란색 하트|밝은 파란색|청록색|푸른|하늘색 하트|하트	light blue heart|143|blue|cute|cyan|emotion|heart|ily|light|like|love|sky|special|teal
symbols	💜		보라색 하트|감정|사랑|사랑해|하트	purple heart|143|bestest|emotion|heart|ily|love|purple
symbols	🤎		갈색 하트|갈색|하트	brown heart|143|brown|heart
symbols	🖤		검은색 하트|검정|블랙|사악한|악|하트	black heart|black|evil|heart|wicked
symbols	🩶		회색 하트|슬레이트색|은색|하트|회색	grey heart|143|emotion|gray|grey|heart|ily|love|silver|slate|special
symbols	🤍		흰색 하트|하트|흰색	white heart|143|heart|white
symbols	💋		입술|감정|로맨스|뽀뽀|섹시|연애|쪼옥|쪽|키스|하트	kiss mark|dating|emotion|heart|kiss|kissing|lips|mark|romance|sexy
symbols	💯		백점|a+|동의|득점|만점|자신 있는|점수|진실|진짜|최고점	hundred points|100|a+|agree|clearly|definitely|faithful|fleek|full|hundred|keep|perfect|point|score|true|truth|yup
symbols	💢		화남|기호|울컥|화	anger symbol|anger|angry|comic|mad|symbol|upset
symbols	🫯		싸움 구름|격투|논쟁|다툼|소동|소란|싸움|충돌	fight cloud|argument|brawl|debate|disagreement|fight|ruckus|wrestle
symbols	💥		충돌|꽝|만화|코믹|쾅|폭발	collision|bomb|boom|collide|comic|explode
symbols	💫		어지러움|띠용|반짝반짝|별|별똥별|슈팅스타|어질어질|코믹	dizzy|comic|shining|shooting|star|stars
symbols	💦		땀|곤란|당황|만화|물|삐질삐질|운동|코믹	sweat droplets|comic|drip|droplet|droplets|drops|splashing|squirt|sweat|water|wet|work|workout
symbols	💨		달려나감|가버림|구름|달리기|만화|빠른|슝|연기|코믹|후다닥	dashing away|away|cloud|comic|dash|dashing|fart|fast|go|gone|gotta|running|smoke
symbols	🕳️		구멍|검은 구멍	hole
symbols	💬		말풍선|대화|대화창|만화|말|메시지|문자|풍선	speech balloon|balloon|bubble|comic|dialog|message|sms|speech|talk|text|typing
symbols	👁️‍🗨️		말풍선 속 눈|눈|말풍선|목격자	eye in speech bubble|balloon|bubble|eye|speech|witness
symbols	🗨️		왼쪽 말풍선|말|말풍선	left speech bubble|balloon|bubble|dialog|left|speech
symbols	🗯️		화난 표현의 오른쪽 말풍선|말풍선|버블|풍선|화난|화남	right anger bubble|anger|angry|balloon|bubble|mad|right
symbols	💭		생각 풍선|결심|구름|깨달음|꿈|만화|몽상|발명|버블|생각|풍선	thought balloon|balloon|bubble|cartoon|cloud|comic|daydream|decisions|dream|idea|invent|invention|realize|think|thoughts|wonder
symbols	💤		졸림|만화|밤|수면|안녕히 주무세요|자고 있음|자는 중|잘자|코믹|쿨쿨	zzz|comic|good|goodnight|night|sleep|sleeping|sleepy|tired
symbols	🏧		atm|에이티엠|은행|자동화|현금|현금인출기	atm sign|atm|automated|bank|cash|money|sign|teller
symbols	🚮		쓰레기는 쓰레기통에|쓰레기|쓰레기는 쓰레기통에 표시|쓰레기통	litter in bin sign|bin|litter|litterbin|sign
symbols	🚰		음수대|물|식수대|음료	potable water|drinking|potable|water
symbols	♿		휠체어|장애|장애인|접근|휠체어 표시	wheelchair symbol|access|handicap|symbol|wheelchair
symbols	🚹		남자 화장실|남성|남성용|남자용	men’s room|bathroom|lavatory|man|men’s|restroom|room|toilet|wc
symbols	🚺		여자 화장실|여성|여성용|여자용	women’s room|bathroom|lavatory|restroom|room|toilet|wc|woman|women’s
symbols	🚻		화장실|공중화장실	restroom|bathroom|lavatory|toilet|wc
symbols	🚼		수유실|기저귀|아기|아기 표시	baby symbol|baby|changing|symbol
symbols	🚾		더블유씨|wc|공중화장실|화장실	water closet|bathroom|closet|lavatory|restroom|toilet|water|wc
symbols	🛂		출입국 심사|수속|여권	passport control|control|passport
symbols	🛃		세관|짐싸기|포장	customs|packing
symbols	🛄		짐 찾는 곳|가방|도착|비행기|수하물 찾는 곳|여정|여행|여행 준비|짐|짐싸기|체크인|화물	baggage claim|arrived|baggage|bags|case|checked|claim|journey|packing|plane|ready|travel|trip
symbols	🛅		화물 서비스|보관함|수하물 보관소|짐|케이스|화물	left luggage|baggage|case|left|locker|luggage
symbols	⚠️		주의|경고	warning|caution
symbols	🚸		어린이 보호 구역|건널목|교통|보도|어린이|어린이 구역|어린이 횡단보도	children crossing|child|children|crossing|pedestrian|traffic
symbols	⛔		진입 금지|교통|금지|들어오지 마시오|실패|진입 금지 표시	no entry|do|entry|fail|forbidden|no|not|pass|prohibited|traffic
symbols	🚫		금지|들어오지 마시오|안됨|진입 금지 표시	prohibited|entry|forbidden|no|not|smoke
symbols	🚳		자전거 금지|금지|바이크|안됨|자전거|자전거 주행 금지	no bicycles|bicycle|bicycles|bike|forbidden|no|not|prohibited
symbols	🚭		금연 신호|금연|금연 구역|금연 구역 신호|금지|담배|안됨|흡연	no smoking|forbidden|no|not|prohibited|smoke|smoking
symbols	🚯		쓰레기 투기 금지|금지|쓰레기|쓰레기 투기	no littering|forbidden|litter|littering|no|not|prohibited
symbols	🚱		마실 수 없는 물|금지|마른|마시지 마시오|마실 수 없는|물|섭취 금지|음료	non-potable water|dry|non-drinking|non-potable|prohibited|water
symbols	🚷		보행자 금지|금지|보행자 통행 금지|안됨	no pedestrians|forbidden|no|not|pedestrian|pedestrians|prohibited
symbols	📵		휴대전화 사용금지|금지|모바일폰|셀폰|안됨|전화|전화 사용금지|폰|휴대전화 끄기	no mobile phones|cell|forbidden|mobile|no|not|phone|phones|prohibited|telephone
symbols	🔞		성인용|18금|18세|18세 이하 금지|금지|나이제한|미성년자|안됨	no one under eighteen|18|age|eighteen|forbidden|no|not|one|prohibited|restriction|underage
symbols	☢️		방사능|방사선|위험|주의|표시	radioactive|sign
symbols	☣️		생물학적 위험|바이오하자드|바이오해저드|표시	biohazard|sign
symbols	⬆️		위쪽 화살표|길찾기|북쪽|상향 화살표|위쪽|화살표	up arrow|arrow|cardinal|direction|north|up
symbols	↗️		오른쪽 위 화살표|길찾기|북동쪽|우상향 화살표|화살표	up-right arrow|arrow|direction|intercardinal|northeast|up-right
symbols	➡️		우향 화살표|길찾기|동쪽|오른쪽 화살표|화살표	right arrow|arrow|cardinal|direction|east|right
symbols	↘️		오른쪽 아래 화살표|남동쪽|우하향 화살표|화살표	down-right arrow|arrow|direction|down-right|intercardinal|southeast
symbols	⬇️		아래쪽 화살표|길찾기|남쪽|하향 화살표|화살표	down arrow|arrow|cardinal|direction|down|south
symbols	↙️		왼쪽 아래 화살표|길찾기|남서쪽|좌하향 화살표|화살표	down-left arrow|arrow|direction|down-left|intercardinal|southwest
symbols	⬅️		좌향 화살표|길찾기|서쪽|왼쪽 화살표|화살표	left arrow|arrow|cardinal|direction|left|west
symbols	↖️		왼쪽 위 화살표|길찾기|북서쪽|좌상향 화살표|화살표	up-left arrow|arrow|direction|intercardinal|northwest|up-left
symbols	↕️		위아래 방향 화살표|상하향 화살표|위아래|화살표	up-down arrow|arrow|up-down
symbols	↔️		좌우 방향 화살표|좌우|좌우향 화살표|화살표	left-right arrow|arrow|left-right
symbols	↩️		오른쪽에서 왼쪽으로 꺾는 화살표|왼쪽으로 곡선으로 꺾어지는 화살표|왼쪽으로 꺾어지는 우향 화살표|좌회전|화살표	right arrow curving left|arrow|curving|left|right
symbols	↪️		왼쪽에서 오른쪽으로 꺾는 화살표|오른쪽으로 곡선으로 꺾어지는 화살표|오른쪽으로 꺾어지는 좌향 화살표|우회전|화살표	left arrow curving right|arrow|curving|left|right
symbols	⤴️		오른쪽에서 위로 꺾는 화살표|위쪽으로 꺾어지는 우향 화살표|좌회전|화살표	right arrow curving up|arrow|curving|right|up
symbols	⤵️		아래쪽으로 꺾어지는 우향 화살표|아래|우회전|화살표	right arrow curving down|arrow|curving|down|right
symbols	🔃		시계 방향 화살표|새로고침|새로고침 표시|시계 방향|화살표	clockwise vertical arrows|arrow|arrows|clockwise|refresh|reload|vertical
symbols	🔄		반시계 방향 화살표|데자부|되감기|반대방향|반시계 방향|반시계 방향 화살표 버튼|화살표	counterclockwise arrows button|again|anticlockwise|arrow|arrows|button|counterclockwise|deja|refresh|rewindershins|vu
symbols	🔙		뒤로|왼쪽 화살표|화살표	back arrow|arrow|back
symbols	🔚		종료|끝내기 화살표|화살표	end arrow|arrow|end
symbols	🔛		켜짐|양쪽 방향 화살표|켜짐!|표시|화살표	on! arrow|arrow|mark|on!
symbols	🔜		곧|brb|omw|가는 중|곧 진행된다는 신호|곧 진행된다는 표시|곧 진행된다는 화살표|금방 돌아옴|화살표	soon arrow|arrow|brb|omw|soon
symbols	🔝		맨 위 화살표|상단|위로 화살표|위쪽 화살표|위쪽으로|화살표	top arrow|arrow|homie|top|up
symbols	🛐		예배공간|기도|기도실|사원|예배|종교	place of worship|place|pray|religion|worship
symbols	⚛️		원자 기호|무신론자|원자	atom symbol|atheist|atom|symbol
symbols	🕉️		옴|종교|힌두교	om|hindu|religion
symbols	✡️		다윗의 별|다비드|다비드별|다윗|별|유대교|유대인|종교	star of david|david|jew|jewish|judaism|religion|star
symbols	☸️		진리의 수레바퀴|다르마|바퀴|불교|불교신자|수레바퀴|종교|진리	wheel of dharma|buddhist|dharma|religion|wheel
symbols	☯️		음양|도교|둘다|모두 아닌|삶|양|어려운|음|종교	yin yang|difficult|lives|religion|tao|taoist|total|yang|yin|yinyang
symbols	✝️		라틴 십자가|기독교|십자가|종교|크리스찬	latin cross|christ|christian|cross|latin|religion
symbols	☦️		전통적인 십자가|기독교|십자가|정교회 십자가|종교|크리스천	orthodox cross|christian|cross|orthodox|religion
symbols	☪️		초승달과 별|라마단|무슬림|별|이슬람|종교|초승달	star and crescent|crescent|islam|muslim|ramadan|religion|star
symbols	☮️		평화 기호|평화|평화 상징|평화로운|힐링	peace symbol|healing|peace|peaceful|symbol
symbols	🕎		메노라|유대교|유대인|종교|촛대	menorah|candelabrum|candlestick|hanukkah|jewish|judaism|religion
symbols	🔯		육각 별|별|운|유대교|유대인|육각형 별|점이 있는 육각 별	dotted six-pointed star|dotted|fortune|jewish|judaism|six-pointed|star
symbols	🪯		칸다|덕|승리|시크교|시크교 신자|종교|칼사|테그	khanda|deg|fateh|khalsa|religion|sikh|sikhism|tegh
symbols	♈		양자리|별|별자리|별점|숫양|양	aries|horoscope|ram|zodiac
symbols	♉		황소자리|별|별자리|별점|황소	taurus|bull|horoscope|ox|zodiac
symbols	♊		쌍둥이 자리|별|별자리|별점|쌍둥이	gemini|horoscope|twins|zodiac
symbols	♋		게자리|별자리|별점	cancer|crab|horoscope|zodiac
symbols	♌		사자자리|별|별자리|별점|사자	leo|horoscope|lion|zodiac
symbols	♍		처녀자리|별|별자리|별점|처녀	virgo|horoscope|zodiac
symbols	♎		천칭자리|별|별자리|별점|저울|정의|천칭	libra|balance|horoscope|justice|scales|zodiac
symbols	♏		전갈자리|별|별자리|별점|스콜피온|전갈	scorpio|horoscope|scorpion|scorpius|zodiac
symbols	♐		사수자리|궁수|별|별자리|사수|활	sagittarius|archer|horoscope|zodiac
symbols	♑		염소자리|별|별자리|염소	capricorn|goat|horoscope|zodiac
symbols	♒		물병자리|물|물병|별|별자리	aquarius|bearer|horoscope|water|zodiac
symbols	♓		물고기자리|물고기|별|별자리|별점	pisces|fish|horoscope|zodiac
symbols	⛎		뱀주인자리|메신저|뱀|별자리	ophiuchus|bearer|serpent|snake|zodiac
symbols	🔀		랜덤 재생|교차|엇갈린 화살표|트랙 랜덤 재생|화살표	shuffle tracks button|arrow|button|crossed|shuffle|tracks
symbols	🔁		전곡 반복 재생|꼬리를 무는 화살표|반복|반복 버튼|시계방향|화살표	repeat button|arrow|button|clockwise|repeat
symbols	🔂		한 곡 반복 재생|꼬리를 무는 화살표와 숫자 1|시계방향|한 곡 반복 재생 버튼|한번|화살표	repeat single button|arrow|button|clockwise|once|repeat|single
symbols	▶️		재생 버튼|삼각형|오른쪽|재생|플레이|화살표	play button|arrow|button|play|right|triangle
symbols	⏩		빨리 감기 버튼|두 개|빨리 감기|앞으로|오른쪽 화살표 두 개|화살표	fast-forward button|arrow|button|double|fast|fast-forward|forward
symbols	⏭️		다음 트랙 버튼|다음 장면|다음 트랙|삼각형|화살표	next track button|arrow|button|next|scene|track|triangle
symbols	⏯️		재생 또는 일시 정지 버튼|삼각형|오른쪽|일시 정지|재생|화살표	play or pause button|arrow|button|pause|play|right|triangle
symbols	◀️		반대로 버튼|되돌리기 버튼|반대|복귀|삼각형|화살표	reverse button|arrow|button|left|reverse|triangle
symbols	⏪		되감기 버튼|되감기|두 개|빨리 되감기 버튼|왼쪽 화살표 두 개|화살표	fast reverse button|arrow|button|double|fast|reverse|rewind
symbols	⏮️		이전 트랙 버튼|바로 전 트랙|삼각형|이전 노래|이전 장면|이전 트랙|직전 트랙|화살표	last track button|arrow|button|last|previous|scene|track|triangle
symbols	🔼		올리기 버튼|삼각형|위쪽 삼각형|위쪽 삼각형 버튼	upwards button|arrow|button|red|up|upwards
symbols	⏫		빨리 올리기 버튼|고속상승 버튼|더블|위로|위쪽|화살표	fast up button|arrow|button|double|fast|up
symbols	🔽		내리기 버튼|다운 버튼|삼각형|아래쪽 삼각형|아래쪽 삼각형 버튼	downwards button|arrow|button|down|downwards|red
symbols	⏬		빨리 내리기 버튼|급하강 버튼|더블|아래로|아래쪽 화살표|아랫쪽|화살표	fast down button|arrow|button|double|down|fast
symbols	⏸️		일시 정지 버튼|더블|일시 정지|정지	pause button|bar|button|double|pause|vertical
symbols	⏹️		정지 버튼|사각형|정지|중단|중지	stop button|button|square|stop
symbols	⏺️		녹음/녹화 버튼|기록|녹음|녹음 버튼|녹화|녹화 버튼|동그라미|원	record button|button|circle|record
symbols	⏏️		꺼냄 버튼|꺼내기|꺼냄|추출	eject button|button|eject
symbols	🎦		영화|극장|시네마|영화관	cinema|camera|film|movie
symbols	🔅		밝기 낮음|낮은 밝기|밝기|밝기 조절|밝기 조절 버튼|어두움|어두움 표시	dim button|brightness|button|dim|low
symbols	🔆		밝기 높음|높은 밝기|밝기 버튼|밝은|밝음|밝음 표시|빛	bright button|bright|brightness|button|light
symbols	📶		안테나 신호|막대|셀폰|신호 강도|안테나|전화|커뮤니케이션|휴대전화|휴대폰	antenna bars|antenna|bar|bars|cell|communication|mobile|phone|signal|telephone
symbols	🛜		무선|wi-fi|wlan|광대역|네트워크|라우터|스마트폰|연결|인터넷|컴퓨터|핫스팟	wireless|broadband|computer|connectivity|hotspot|internet|network|router|smartphone|wi-fi|wifi|wlan
symbols	📳		진동 모드|모드|모바일|셀폰|전화기|진동|커뮤니케이션|휴대전화 진동모드	vibration mode|cell|communication|mobile|mode|phone|telephone|vibration
symbols	📴		휴대전화 끄기|꺼짐|모바일폰|셀폰|전원이 꺼진 휴대전화|전화기|휴대전화 전원 끄기	mobile phone off|cell|mobile|off|phone|telephone
symbols	♀️		여성 기호|기호|여성	female sign|female|sign|woman
symbols	♂️		남성 기호|기호|남성	male sign|male|man|sign
symbols	⚧️		트랜스젠더 기호|트랜스젠더	transgender symbol|symbol|transgender
symbols	✖️		곱하기|x|곱셈|곱셈기호|엑스|취소	multiply|×|cancel|multiplication|sign|x
symbols	➕		더하기|더하기 표시|두꺼운 더하기 표시|수학|플러스	plus|+
symbols	➖		빼기|마이너스|빼기 표시|수학|진한 빼기 표시	minus|-|−|heavy|math|sign
symbols	➗		나누기|나누기 표시|수학|진한 나누기 표시	divide|÷|division|heavy|math|sign
symbols	🟰		등호 기호|같음|답|동등|정답|평등	heavy equals sign|answer|equal|equality|equals|heavy|math|sign
symbols	♾️		무한|뫼비우스|영원	infinity|forever|unbounded|universal
symbols	‼️		두 개의 느낌표|느낌표|문장 부호|뱅뱅|부호	double exclamation mark|!|!!|bangbang|double|exclamation|mark|punctuation
symbols	⁉️		느낌표와 물음표|느낌표|문장 부호|물음표|부호|인테러뱅|질문	exclamation question mark|!|!?|?|exclamation|interrobang|mark|punctuation|question
symbols	❓		빨간색 물음표|?|문장 부호|물음|물음표|의문|질문	red question mark|?|mark|punctuation|question|red
symbols	❔		하얀색 물음표|문장 부호|물음|물음표|의문|질문	white question mark|?|mark|outlined|punctuation|question|white
symbols	❕		하얀색 느낌표|!|느낌|느낌표|문장 부호|부호|하얀색 물음표 부호	white exclamation mark|!|bang|exclamation|mark|outlined|punctuation|white
symbols	❗		빨간색 느낌표|느낌표|문장 부포|부호	red exclamation mark|!|bang|exclamation|mark|punctuation|red
symbols	〰️		물결 모양 대시|대시|문장 부호|물결|물결모양|물결표	wavy dash|dash|punctuation|wavy
symbols	💱		환전|교환|돈|은행|화폐	currency exchange|bank|currency|exchange|money
symbols	💲		미국 달러|달러화|돈|미국 돈|미국 화폐|백만장자|불|지불|진한 달러 표시|화폐	heavy dollar sign|billion|cash|charge|currency|dollar|heavy|million|money|pay|sign
symbols	⚕️		의학 기호|아이스쿨라피우스|의술의 신|의학|직원	medical symbol|aesculapius|medical|medicine|staff|symbol
symbols	♻️		재활용 표시|재활용	recycling symbol|recycle|recycling|symbol
symbols	⚜️		백합 문장|기사|문장|백합	fleur-de-lis|knights
symbols	🔱		삼지창|닻|도구|배|상징|엠블럼|창|포세이돈	trident emblem|anchor|emblem|poseidon|ship|tool|trident
symbols	📛		이름표|명찰|배지|이름	name badge|badge|name
symbols	🔰		일본 초보운전 표시|v 모양|그린|노란색|노란색 초록색 이파리 모양|일본|일본 초보운전자 심볼|잎|초록색|초보|초보자	japanese symbol for beginner|beginner|chevron|green|japanese|leaf|symbol|tool|yellow
symbols	⭕		빨간색 정답 동그라미|동그라미|ㅇ|원|크고 진한 동그라미	hollow red circle|circle|heavy|hollow|large|o|red
symbols	✅		체크 표시 버튼|완료됨|체크|체크 표시|틱|확인함	check mark button|✓|button|check|checked|checkmark|complete|completed|done|fixed|mark|tick
symbols	☑️		체크박스|완료|체크|체크상자|체크완료|체크표시된 투표란|투표|투표용지|틱	check box with check|✓|ballot|box|check|checked|done|off|tick
symbols	✔️		체크 표시|진한 체크 표시|진한 체크표시|체크|체크표시|했음|확인함	check mark|✓|check|checked|checkmark|done|heavy|mark|tick
symbols	❌		엑스 표시|x|곱셈|곱하기|엑스|엑스표	cross mark|×|cancel|cross|mark|multiplication|multiply|x
symbols	❎		엑스 표시 버튼|x|곱셈|곱하기|상자 안 엑스 표시|엑스 표시|초록 상자 안 엑스 표시	cross mark button|×|button|cross|mark|multiplication|multiply|square|x
symbols	➰		고리|곱슬|동그랗게 말린 고리|루프	curly loop|curl|curly|loop
symbols	➿		두 개의 고리|곱슬곱슬한|더블|두 개의 구부러진 고리|두 개의 루프	double curly loop|curl|curly|double|loop
symbols	〽️		부분 교체 기호|기호|부분	part alternation mark|alternation|mark|part
symbols	✳️		여덟 갈래 별표|별표	eight-spoked asterisk|*|asterisk|eight-spoked
symbols	✴️		팔각 별|별	eight-pointed star|*|eight-pointed|star
symbols	❇️		반짝임|반짝	sparkle|*
symbols	©️		저작권|동그라미 c|씨	copyright|c
symbols	®️		등록상표|동그라미 r|알	registered|r
symbols	™️		상표|tm|트레이드 마크 표시|트레이트 마크|표시	trade mark|mark|tm|trade|trademark
symbols	🫟		튀어오른 액체|액체|액체 방울|얼룩|잉크|지저분하게 튄|튀김|튄|페인트|흘린|흩뿌린	splatter|drip|holi|ink|liquid|mess|paint|spill|stain
symbols	#️⃣		키 캡: #|키 캡	keycap: #|keycap
symbols	*️⃣		키 캡: *|키 캡	keycap: *|keycap
symbols	0️⃣		키 캡: 0|0|공|키 캡	keycap: 0|0|keycap|zero
symbols	1️⃣		키 캡: 1|1|일|키 캡	keycap: 1|1|keycap|one
symbols	2️⃣		키 캡: 2|2|이|키 캡	keycap: 2|2|keycap|two
symbols	3️⃣		키 캡: 3|3|삼|키 캡	keycap: 3|3|keycap|three
symbols	4️⃣		키 캡: 4|4|사|키 캡	keycap: 4|4|four|keycap
symbols	5️⃣		키 캡: 5|5|오|키 캡	keycap: 5|5|five|keycap
symbols	6️⃣		키 캡: 6|6|육|키 캡	keycap: 6|6|keycap|six
symbols	7️⃣		키 캡: 7|7|칠|키 캡	keycap: 7|7|keycap|seven
symbols	8️⃣		키 캡: 8|8|키 캡|팔	keycap: 8|8|eight|keycap
symbols	9️⃣		키 캡: 9|9|구|키 캡	keycap: 9|9|keycap|nine
symbols	🔟		키 캡: 10|키 캡	keycap: 10|keycap
symbols	🔠		대문자|abcd|대문자 입력|영어 대문자	input latin uppercase|abcd|input|latin|letters|uppercase
symbols	🔡		소문자|라틴|문자|영어 소문자|입력	input latin lowercase|abcd|input|latin|letters|lowercase
symbols	🔢		숫자|1234|입력	input numbers|1234|input|numbers
symbols	🔣		기호|〒♪&%|입력	input symbols|&|%|♪|〒|input|symbols
symbols	🔤		라틴어 알파벳|abc|라틴|라틴어 알파벳 입력|문자|알파벳	input latin letters|abc|alphabet|input|latin|letters
symbols	🅰️		에이형|a|버튼|혈액형 에이형	a button (blood type)|blood|button|type
symbols	🆎		에이비형|ab|버튼|혈액형	ab button (blood type)|ab|blood|button|type
symbols	🅱️		비형|b|b형|버튼|혈액형	b button (blood type)|b|blood|button|type
symbols	🆑		씨엘|cl|cl 버튼|네모 안에 씨엘|씨엘 네모 안	cl button|button|cl
symbols	🆒		쿨|cool|버튼|쿨 신호	cool button|button|cool
symbols	🆓		프리|버튼|자유|자유 신호|프리 신호	free button|button|free
symbols	ℹ️		정보 출처|i|정보	information|i
symbols	🆔		아이디|id|버튼|아이디 신호|아이디 표시	id button|button|id|identity
symbols	Ⓜ️		원글자 엠|m|동그라미|원|원에 들어있는 m	circled m|circle|circled|m
symbols	🆕		뉴|new|뉴 버튼|뉴 신호|새로운|새로운 소식|새로운 신호|새롭다	new button|button|new
symbols	🆖		엔지|ng|노굿|노굿 신호|버튼|엔지 신호|엔지 표시	ng button|button|ng
symbols	🅾️		오형|o|o 버튼|혈액형	o button (blood type)|blood|button|o|type
symbols	🆗		오케이|ok|네|버튼|예|오케이 신호|좋다|좋아	ok button|button|ok|okay
symbols	🅿️		주차 표시|p|버튼|음각 피|주차|주차장|파킹	p button|button|p|parking
symbols	🆘		에스오에스|sos|구조|구조 신호|버튼|에스오에스 신호	sos button|button|help|sos
symbols	🆙		위로 버튼|up|버튼|업|업!|위쪽으로	up! button|button|mark|up|up!
symbols	🆚		대|vs|대항|버튼|브이에스	vs button|button|versus|vs
symbols	🈁		일본어 "여기" 버튼|"여기"|koko|일본어|카타카나|코코	japanese “here” button|button|here|japanese|katakana
symbols	🈂️		일본어 "봉사료" 버튼|"봉사료"|sa|사|일본어|카타카나	japanese “service charge” button|button|charge|japanese|katakana|service
symbols	🈷️		달 월|"월간"|개월|달|월|일본어|일본어 "월간" 버튼|표의문자|한달	japanese “monthly amount” button|amount|button|ideograph|japanese|monthly
symbols	🈶		있을 유|"무료 아님"|일본어|일본어 "무료 아님" 버튼|있음|표의문자	japanese “not free of charge” button|button|charge|free|ideograph|japanese|not
symbols	🈯		가리킬 지|"예약"|가리키다|손가락|일본어|일본어 "예약" 버튼|지칭|표의문자	japanese “reserved” button|button|ideograph|japanese|reserved
symbols	🉐		얻을 득|"할인"|이득|이익|일본어|일본어 "할인" 버튼|표의문자|획득	japanese “bargain” button|bargain|button|ideograph|japanese
symbols	🈹		나눌 할|"할인"|나누기|나눔|분리|일본어|일본어 "할인" 버튼|표의문자	japanese “discount” button|button|discount|ideograph|japanese
symbols	🈚		없을 무|"무료"|없음|일본어|일본어 "무료" 버튼|표의 문자	japanese “free of charge” button|button|charge|free|ideograph|japanese
symbols	🈲		금할 금|"금지"|금지|금하다|일본어|일본어 "금지" 버튼|차단|표의 문자	japanese “prohibited” button|button|ideograph|japanese|prohibited
symbols	🉑		옳을 가|"가능"|맞음|옮음|일본어|일본어 "가능" 버튼|표의문자|허가	japanese “acceptable” button|acceptable|button|ideograph|japanese
symbols	🈸		거듭 신|"신청"|일본어|일본어 "신청" 버튼|표의문자	japanese “application” button|application|button|ideograph|japanese
symbols	🈴		합할 합|일본어|일본어 "합격" 버튼|전체|표의 문자|합|합격|합하기	japanese “passing grade” button|button|grade|ideograph|japanese|passing
symbols	🈳		빌 공|"비어 있음"|공|비어있음|일본어|일본어 "비어 있음" 버튼|텅 빈 상태|표의문자	japanese “vacancy” button|button|ideograph|japanese|vacancy
symbols	㊗️		원 안의 축하 표의문자|"축하"|빌 축|원 표시된 축하 표의문자|일본어|일본어 "축하" 버튼|중국어|축하|표의문자	japanese “congratulations” button|button|congratulations|ideograph|japanese
symbols	㊙️		원 표시된 비밀 표의문자|"비밀"|비밀|숨길 비|일본어|일본어 "비밀" 버튼|중국어|표의문자	japanese “secret” button|button|ideograph|japanese|secret
symbols	🈺		벼슬 관|"영업 중"|영|일본어|일본어 "영업 중" 버튼|표의문자	japanese “open for business” button|business|button|ideograph|japanese|open
symbols	🈵		찰 만|가득|만|빈방없음|일본어|일본어 "빈방없음" 버튼|표의문자|満	japanese “no vacancy” button|button|ideograph|japanese|no|vacancy
symbols	🔴		빨간 원|기하학 무늬|레드 서클|빨간색|빨강|원|큰 빨간 원	red circle|circle|geometric|red
symbols	🟠		오렌지색 원|동그라미|오렌지색|원	orange circle|circle|orange
symbols	🟡		노란색 원|노란색|동그라미|원	yellow circle|circle|yellow
symbols	🟢		녹색 원|녹색|동그라미|원	green circle|circle|green
symbols	🔵		파란 원|기하학 무늬|블루|블루 서클|원|큰 파란 원|파란색|파랑	blue circle|blue|circle|geometric
symbols	🟣		보라색 원|동그라미|보라색|원	purple circle|circle|purple
symbols	🟤		갈색 원|갈색|원	brown circle|brown|circle
symbols	⚫		검은색 원|기하학 무늬|동그라미|블랙 서클|원	black circle|black|circle|geometric
symbols	⚪		흰색 원|기하학 무늬|동그라미|원|하얀색 원|화이트 서클	white circle|circle|geometric|white
symbols	🟥		빨간색 사각형|빨간색|사각형	red square|card|penalty|red|square
symbols	🟧		오렌지색 사각형|사각형|오렌지색	orange square|orange|square
symbols	🟨		노란색 사각형|노란색|사각형	yellow square|card|penalty|square|yellow
symbols	🟩		녹색 사각형|녹색|사각형	green square|green|square
symbols	🟦		파란색 사각형|사각형|파란색	blue square|blue|square
symbols	🟪		보라색 사각형|보라색|사각형	purple square|purple|square
symbols	🟫		갈색 사각형|갈색|사각형	brown square|brown|square
symbols	⬛		큰 검은색 사각형|검은색 큰 사각형|기하학 무늬|무늬|블랙 라지 사각형|사각형	black large square|black|geometric|large|square
symbols	⬜		큰 흰색 사각형|기하학 무늬|무늬|사각형|화이트 라지 사각형|흰색 큰 사각형	white large square|geometric|large|square|white
symbols	◼️		중간 검은색 사각형|검정색 중간 사각형|기하학 무늬|무늬|블랙 미디엄 사각형|사각형|중간크기 검은색 사각형	black medium square|black|geometric|medium|square
symbols	◻️		중간 흰색 사각형|기하학 무늬|무늬|사각형|화이트 미디엄 사각형|흰색 중간 사각형	white medium square|geometric|medium|square|white
symbols	◾		중각 작은 검은색 사각형|검은색 미디엄-스몰 사각형|기하학 무늬|무늬|블랙 미디엄-스몰 사각형|사각형	black medium-small square|black|geometric|medium-small|square
symbols	◽		중간 작은 흰색 사각형|기하학 무늬|무늬|사각형|화이트 미디엄-스몰 사각형|흰색 미디엄-스몰 사각형	white medium-small square|geometric|medium-small|square|white
symbols	▪️		작은 검은색 사각형|검은색 작은 사각형|기하학 무늬|무늬|블랙 스몰 사각형|사각형	black small square|black|geometric|small|square
symbols	▫️		작은 흰색 사각형|기하학 무늬|무늬|사각형|화이트 스몰 사각형	white small square|geometric|small|square|white
symbols	🔶		큰 주황색 마름모|라지 오렌지 마름모|마름모|오렌지색|주황색	large orange diamond|diamond|geometric|large|orange
symbols	🔷		큰 파란색 마름모|기하학 무늬|라지 블루 마름모|마름모|파란색|파랑	large blue diamond|blue|diamond|geometric|large
symbols	🔸		작은 주황색 마름모|기하학 무늬|마름모|오렌지색|주황색	small orange diamond|diamond|geometric|orange|small
symbols	🔹		작은 파란색 마름모|기하학 무늬|마름모|스몰 블루 마름모|파란색|파랑	small blue diamond|blue|diamond|geometric|small
symbols	🔺		빨간색 위쪽 삼각형|기하학 무늬|레드|빨간색|빨강|삼각형|위가 좁은 빨간색 삼각형|위쪽 빨간색 삼각형	red triangle pointed up|geometric|pointed|red|triangle|up
symbols	🔻		빨간색 아래쪽 삼각형|빨간색|빨강|삼각형|아래|아래가 좁은 빨간색 삼각형|아래쪽 빨간색 삼각형	red triangle pointed down|down|geometric|pointed|red|triangle
symbols	💠		점이 찍힌 다이아몬드 모양|기하학 무늬|내부|다이아몬드 모양|마름모|마름모꼴|점이 찍힌 마름모|코믹	diamond with a dot|comic|diamond|dot|geometric
symbols	🔘		라디오 버튼|기하학 무늬|라디오|버튼	radio button|button|geometric|radio
symbols	🔳		테두리가 하얀 사각 버튼|기하학 무늬|버튼|사각형|테두리	white square button|button|geometric|outlined|square|white
symbols	🔲		테두리가 검은 사각 버튼|기하학 무늬|버튼|사각형	black square button|black|button|geometric|square
flags	🏁		격자 무늬 깃발|격자 무늬|결승선 깃발|경기|깃발|레이싱|스포츠|체크 무늬|체크 무늬 깃발	chequered flag|checkered|chequered|finish|flag|flags|game|race|racing|sport|win
flags	🚩		세모 깃발|골프|공사|깃발|우체국|위치 표시|위치 표시 깃발	triangular flag|construction|flag|golf|post|triangular
flags	🎌		엇갈린 일본 국기|교차|교차된 깃발|국가 행사|국기|일본	crossed flags|celebration|cross|crossed|flags|japanese
flags	🏴		펄럭이는 검은색 깃발|검은색 깃발|깃발|펄릭이는|플래그	black flag|black|flag|waving
flags	🏳️		펄럭이는 흰색 깃발|깃발|펄럭이는|플래그|항복|흰색 깃발	white flag|flag|waving|white
flags	🏳️‍🌈		무지개 깃발|lgbt|lgbtq|게이|깃발|레즈비언|무지개|바이섹슈얼|성소수자|양성애자|젠더퀴어|퀴어|트랜스젠더	rainbow flag|bisexual|flag|gay|genderqueer|glbt|glbtq|lesbian|lgbt|lgbtq|lgbtqia|pride|queer|rainbow|trans|transgender
flags	🏳️‍⚧️		트랜스젠더 깃발|깃발|분홍색|트랜스젠더|하늘색|하얀색	transgender flag|blue|flag|light|pink|transgender|white
flags	🏴‍☠️		해적 깃발|보물섬|약탈자|해골 깃발|해적	pirate flag|flag|jolly|pirate|plunder|roger|treasure
flags	🇦🇨		어센션섬|깃발: 어센션섬|국기|깃발	ascension island|flag: ascension island|flag
flags	🇦🇩		안도라|깃발: 안도라|국기|깃발	andorra|flag: andorra|flag
flags	🇦🇪		아랍에미리트|아랍 에미리트|깃발: 아랍에미리트|국기|깃발	united arab emirates|uae|flag: united arab emirates|flag
flags	🇦🇫		아프가니스탄|깃발: 아프가니스탄|국기|깃발	afghanistan|flag: afghanistan|flag
flags	🇦🇬		앤티가 바부다|깃발: 앤티가 바부다|국기|깃발	antigua & barbuda|flag: antigua & barbuda|flag
flags	🇦🇮		앵귈라|깃발: 앵귈라|국기|깃발	anguilla|flag: anguilla|flag
flags	🇦🇱		알바니아|깃발: 알바니아|국기|깃발	albania|flag: albania|flag
flags	🇦🇲		아르메니아|깃발: 아르메니아|국기|깃발	armenia|flag: armenia|flag
flags	🇦🇴		앙골라|깃발: 앙골라|국기|깃발	angola|flag: angola|flag
flags	🇦🇶		남극 대륙|깃발: 남극 대륙|국기|깃발	antarctica|flag: antarctica|flag
flags	🇦🇷		아르헨티나|깃발: 아르헨티나|국기|깃발	argentina|flag: argentina|flag
flags	🇦🇸		아메리칸 사모아|깃발: 아메리칸 사모아|국기|깃발	american samoa|flag: american samoa|flag
flags	🇦🇹		오스트리아|깃발: 오스트리아|국기|깃발	austria|flag: austria|flag
flags	🇦🇺		오스트레일리아|호주|깃발: 오스트레일리아|국기|깃발	australia|flag: australia|flag
flags	🇦🇼		아루바|깃발: 아루바|국기|깃발	aruba|flag: aruba|flag
flags	🇦🇽		올란드 제도|깃발: 올란드 제도|국기|깃발	åland islands|flag: åland islands|flag
flags	🇦🇿		아제르바이잔|깃발: 아제르바이잔|국기|깃발	azerbaijan|flag: azerbaijan|flag
flags	🇧🇦		보스니아 헤르체고비나|깃발: 보스니아 헤르체고비나|국기|깃발	bosnia & herzegovina|flag: bosnia & herzegovina|flag
flags	🇧🇧		바베이도스|깃발: 바베이도스|국기|깃발	barbados|flag: barbados|flag
flags	🇧🇩		방글라데시|깃발: 방글라데시|국기|깃발	bangladesh|flag: bangladesh|flag
flags	🇧🇪		벨기에|깃발: 벨기에|국기|깃발	belgium|flag: belgium|flag
flags	🇧🇫		부르키나파소|깃발: 부르키나파소|국기|깃발	burkina faso|flag: burkina faso|flag
flags	🇧🇬		불가리아|깃발: 불가리아|국기|깃발	bulgaria|flag: bulgaria|flag
flags	🇧🇭		바레인|깃발: 바레인|국기|깃발	bahrain|flag: bahrain|flag
flags	🇧🇮		부룬디|깃발: 부룬디|국기|깃발	burundi|flag: burundi|flag
flags	🇧🇯		베냉|깃발: 베냉|국기|깃발	benin|flag: benin|flag
flags	🇧🇱		생바르텔레미|깃발: 생바르텔레미|국기|깃발	st. barthélemy|flag: st. barthélemy|flag
flags	🇧🇲		버뮤다|깃발: 버뮤다|국기|깃발	bermuda|flag: bermuda|flag
flags	🇧🇳		브루나이|깃발: 브루나이|국기|깃발	brunei|flag: brunei|flag
flags	🇧🇴		볼리비아|깃발: 볼리비아|국기|깃발	bolivia|flag: bolivia|flag
flags	🇧🇶		네덜란드령 카리브|깃발: 네덜란드령 카리브|국기|깃발	caribbean netherlands|flag: caribbean netherlands|flag
flags	🇧🇷		브라질|깃발: 브라질|국기|깃발	brazil|flag: brazil|flag
flags	🇧🇸		바하마|깃발: 바하마|국기|깃발	bahamas|flag: bahamas|flag
flags	🇧🇹		부탄|깃발: 부탄|국기|깃발	bhutan|flag: bhutan|flag
flags	🇧🇻		부베섬|깃발: 부베섬|국기|깃발	bouvet island|flag: bouvet island|flag
flags	🇧🇼		보츠와나|깃발: 보츠와나|국기|깃발	botswana|flag: botswana|flag
flags	🇧🇾		벨라루스|깃발: 벨라루스|국기|깃발	belarus|flag: belarus|flag
flags	🇧🇿		벨리즈|깃발: 벨리즈|국기|깃발	belize|flag: belize|flag
flags	🇨🇦		캐나다|깃발: 캐나다|국기|깃발	canada|flag: canada|flag
flags	🇨🇨		코코스 제도|깃발: 코코스 제도|국기|깃발	cocos (keeling) islands|flag: cocos (keeling) islands|flag
flags	🇨🇩		콩고-킨샤사|깃발: 콩고-킨샤사|국기|깃발	congo - kinshasa|flag: congo - kinshasa|flag
flags	🇨🇫		중앙 아프리카 공화국|깃발: 중앙 아프리카 공화국|국기|깃발	central african republic|flag: central african republic|flag
flags	🇨🇬		콩고-브라자빌|깃발: 콩고-브라자빌|국기|깃발	congo - brazzaville|flag: congo - brazzaville|flag
flags	🇨🇭		스위스|깃발: 스위스|국기|깃발	switzerland|flag: switzerland|flag
flags	🇨🇮		코트디부아르|깃발: 코트디부아르|국기|깃발	côte d’ivoire|flag: côte d’ivoire|flag
flags	🇨🇰		쿡 제도|깃발: 쿡 제도|국기|깃발	cook islands|flag: cook islands|flag
flags	🇨🇱		칠레|깃발: 칠레|국기|깃발	chile|flag: chile|flag
flags	🇨🇲		카메룬|깃발: 카메룬|국기|깃발	cameroon|flag: cameroon|flag
flags	🇨🇳		중국|중화인민공화국|깃발: 중국|국기|깃발	china|flag: china|flag
flags	🇨🇴		콜롬비아|깃발: 콜롬비아|국기|깃발	colombia|flag: colombia|flag
flags	🇨🇵		클리퍼턴섬|깃발: 클리퍼턴섬|국기|깃발	clipperton island|flag: clipperton island|flag
flags	🇨🇶		사크|깃발: 사크|국기|깃발	sark|flag: sark|flag
flags	🇨🇷		코스타리카|깃발: 코스타리카|국기|깃발	costa rica|flag: costa rica|flag
flags	🇨🇺		쿠바|깃발: 쿠바|국기|깃발	cuba|flag: cuba|flag
flags	🇨🇻		카보베르데|깃발: 카보베르데|국기|깃발	cape verde|flag: cape verde|flag
flags	🇨🇼		퀴라소|깃발: 퀴라소|국기|깃발	curaçao|flag: curaçao|flag
flags	🇨🇽		크리스마스섬|깃발: 크리스마스섬|국기|깃발	christmas island|flag: christmas island|flag
flags	🇨🇾		키프로스|깃발: 키프로스|국기|깃발	cyprus|flag: cyprus|flag
flags	🇨🇿		체코|체코 공화국|깃발: 체코|국기|깃발	czechia|czech|flag: czechia|flag
flags	🇩🇪		독일|도이칠란트|깃발: 독일|국기|깃발	germany|deutschland|flag: germany|flag
flags	🇩🇬		디에고 가르시아|깃발: 디에고 가르시아|국기|깃발	diego garcia|flag: diego garcia|flag
flags	🇩🇯		지부티|깃발: 지부티|국기|깃발	djibouti|flag: djibouti|flag
flags	🇩🇰		덴마크|깃발: 덴마크|국기|깃발	denmark|flag: denmark|flag
flags	🇩🇲		도미니카|깃발: 도미니카|국기|깃발	dominica|flag: dominica|flag
flags	🇩🇴		도미니카 공화국|깃발: 도미니카 공화국|국기|깃발	dominican republic|flag: dominican republic|flag
flags	🇩🇿		알제리|깃발: 알제리|국기|깃발	algeria|flag: algeria|flag
flags	🇪🇦		세우타 및 멜리야|깃발: 세우타 및 멜리야|국기|깃발	ceuta & melilla|flag: ceuta & melilla|flag
flags	🇪🇨		에콰도르|깃발: 에콰도르|국기|깃발	ecuador|flag: ecuador|flag
flags	🇪🇪		에스토니아|깃발: 에스토니아|국기|깃발	estonia|flag: estonia|flag
flags	🇪🇬		이집트|깃발: 이집트|국기|깃발	egypt|flag: egypt|flag
flags	🇪🇭		서사하라|깃발: 서사하라|국기|깃발	western sahara|flag: western sahara|flag
flags	🇪🇷		에리트리아|깃발: 에리트리아|국기|깃발	eritrea|flag: eritrea|flag
flags	🇪🇸		스페인|깃발: 스페인|국기|깃발	spain|flag: spain|flag
flags	🇪🇹		에티오피아|깃발: 에티오피아|국기|깃발	ethiopia|flag: ethiopia|flag
flags	🇪🇺		유럽 연합|유럽|깃발: 유럽 연합|국기|깃발	european union|europe|flag: european union|flag
flags	🇫🇮		핀란드|깃발: 핀란드|국기|깃발	finland|flag: finland|flag
flags	🇫🇯		피지|깃발: 피지|국기|깃발	fiji|flag: fiji|flag
flags	🇫🇰		포클랜드 제도|깃발: 포클랜드 제도|국기|깃발	falkland islands|flag: falkland islands|flag
flags	🇫🇲		미크로네시아|깃발: 미크로네시아|국기|깃발	micronesia|flag: micronesia|flag
flags	🇫🇴		페로 제도|깃발: 페로 제도|국기|깃발	faroe islands|flag: faroe islands|flag
flags	🇫🇷		프랑스|깃발: 프랑스|국기|깃발	france|flag: france|flag
flags	🇬🇦		가봉|깃발: 가봉|국기|깃발	gabon|flag: gabon|flag
flags	🇬🇧		영국|깃발: 영국|국기|깃발	united kingdom|uk|britain|great britain|flag: united kingdom|flag
flags	🇬🇩		그레나다|깃발: 그레나다|국기|깃발	grenada|flag: grenada|flag
flags	🇬🇪		조지아|그루지야|깃발: 조지아|국기|깃발	georgia|flag: georgia|flag
flags	🇬🇫		프랑스령 기아나|깃발: 프랑스령 기아나|국기|깃발	french guiana|flag: french guiana|flag
flags	🇬🇬		건지|깃발: 건지|국기|깃발	guernsey|flag: guernsey|flag
flags	🇬🇭		가나|깃발: 가나|국기|깃발	ghana|flag: ghana|flag
flags	🇬🇮		지브롤터|깃발: 지브롤터|국기|깃발	gibraltar|flag: gibraltar|flag
flags	🇬🇱		그린란드|깃발: 그린란드|국기|깃발	greenland|flag: greenland|flag
flags	🇬🇲		감비아|깃발: 감비아|국기|깃발	gambia|flag: gambia|flag
flags	🇬🇳		기니|깃발: 기니|국기|깃발	guinea|flag: guinea|flag
flags	🇬🇵		과들루프|깃발: 과들루프|국기|깃발	guadeloupe|flag: guadeloupe|flag
flags	🇬🇶		적도 기니|깃발: 적도 기니|국기|깃발	equatorial guinea|flag: equatorial guinea|flag
flags	🇬🇷		그리스|깃발: 그리스|국기|깃발	greece|flag: greece|flag
flags	🇬🇸		사우스조지아 사우스샌드위치 제도|깃발: 사우스조지아 사우스샌드위치 제도|국기|깃발	south georgia & south sandwich islands|flag: south georgia & south sandwich islands|flag
flags	🇬🇹		과테말라|깃발: 과테말라|국기|깃발	guatemala|flag: guatemala|flag
flags	🇬🇺		괌|깃발: 괌|국기|깃발	guam|flag: guam|flag
flags	🇬🇼		기니비사우|깃발: 기니비사우|국기|깃발	guinea-bissau|flag: guinea-bissau|flag
flags	🇬🇾		가이아나|깃발: 가이아나|국기|깃발	guyana|flag: guyana|flag
flags	🇭🇰		홍콩(중국 특별행정구)|홍콩|깃발: 홍콩(중국 특별행정구)|국기|깃발	hong kong sar china|flag: hong kong sar china|flag
flags	🇭🇲		허드 맥도널드 제도|깃발: 허드 맥도널드 제도|국기|깃발	heard island & mcdonald islands|flag: heard island & mcdonald islands|flag
flags	🇭🇳		온두라스|깃발: 온두라스|국기|깃발	honduras|flag: honduras|flag
flags	🇭🇷		크로아티아|깃발: 크로아티아|국기|깃발	croatia|flag: croatia|flag
flags	🇭🇹		아이티|깃발: 아이티|국기|깃발	haiti|flag: haiti|flag
flags	🇭🇺		헝가리|깃발: 헝가리|국기|깃발	hungary|flag: hungary|flag
flags	🇮🇨		카나리아 제도|깃발: 카나리아 제도|국기|깃발	canary islands|flag: canary islands|flag
flags	🇮🇩		인도네시아|깃발: 인도네시아|국기|깃발	indonesia|flag: indonesia|flag
flags	🇮🇪		아일랜드|깃발: 아일랜드|국기|깃발	ireland|flag: ireland|flag
flags	🇮🇱		이스라엘|깃발: 이스라엘|국기|깃발	israel|flag: israel|flag
flags	🇮🇲		맨섬|깃발: 맨섬|국기|깃발	isle of man|flag: isle of man|flag
flags	🇮🇳		인도|인디아|깃발: 인도|국기|깃발	india|flag: india|flag
flags	🇮🇴		영국령 인도양 지역|깃발: 영국령 인도양 지역|국기|깃발	british indian ocean territory|flag: british indian ocean territory|flag
flags	🇮🇶		이라크|깃발: 이라크|국기|깃발	iraq|flag: iraq|flag
flags	🇮🇷		이란|깃발: 이란|국기|깃발	iran|flag: iran|flag
flags	🇮🇸		아이슬란드|깃발: 아이슬란드|국기|깃발	iceland|flag: iceland|flag
flags	🇮🇹		이탈리아|깃발: 이탈리아|국기|깃발	italy|flag: italy|flag
flags	🇯🇪		저지|깃발: 저지|국기|깃발	jersey|flag: jersey|flag
flags	🇯🇲		자메이카|깃발: 자메이카|국기|깃발	jamaica|flag: jamaica|flag
flags	🇯🇴		요르단|깃발: 요르단|국기|깃발	jordan|flag: jordan|flag
flags	🇯🇵		일본|깃발: 일본|국기|깃발	japan|flag: japan|flag
flags	🇰🇪		케냐|깃발: 케냐|국기|깃발	kenya|flag: kenya|flag
flags	🇰🇬		키르기스스탄|깃발: 키르기스스탄|국기|깃발	kyrgyzstan|flag: kyrgyzstan|flag
flags	🇰🇭		캄보디아|깃발: 캄보디아|국기|깃발	cambodia|flag: cambodia|flag
flags	🇰🇮		키리바시|깃발: 키리바시|국기|깃발	kiribati|flag: kiribati|flag
flags	🇰🇲		코모로|깃발: 코모로|국기|깃발	comoros|flag: comoros|flag
flags	🇰🇳		세인트키츠 네비스|깃발: 세인트키츠 네비스|국기|깃발	st. kitts & nevis|flag: st. kitts & nevis|flag
flags	🇰🇵		북한|조선|북조선|깃발: 북한|국기|깃발	north korea|dprk|flag: north korea|flag
flags	🇰🇷		대한민국|한국|우리나라|남한|코리아|깃발: 대한민국|국기|깃발	south korea|korea|flag: south korea|flag
flags	🇰🇼		쿠웨이트|깃발: 쿠웨이트|국기|깃발	kuwait|flag: kuwait|flag
flags	🇰🇾		케이맨 제도|깃발: 케이맨 제도|국기|깃발	cayman islands|flag: cayman islands|flag
flags	🇰🇿		카자흐스탄|깃발: 카자흐스탄|국기|깃발	kazakhstan|flag: kazakhstan|flag
flags	🇱🇦		라오스|깃발: 라오스|국기|깃발	laos|flag: laos|flag
flags	🇱🇧		레바논|깃발: 레바논|국기|깃발	lebanon|flag: lebanon|flag
flags	🇱🇨		세인트루시아|깃발: 세인트루시아|국기|깃발	st. lucia|flag: st. lucia|flag
flags	🇱🇮		리히텐슈타인|깃발: 리히텐슈타인|국기|깃발	liechtenstein|flag: liechtenstein|flag
flags	🇱🇰		스리랑카|깃발: 스리랑카|국기|깃발	sri lanka|flag: sri lanka|flag
flags	🇱🇷		라이베리아|깃발: 라이베리아|국기|깃발	liberia|flag: liberia|flag
flags	🇱🇸		레소토|깃발: 레소토|국기|깃발	lesotho|flag: lesotho|flag
flags	🇱🇹		리투아니아|깃발: 리투아니아|국기|깃발	lithuania|flag: lithuania|flag
flags	🇱🇺		룩셈부르크|깃발: 룩셈부르크|국기|깃발	luxembourg|flag: luxembourg|flag
flags	🇱🇻		라트비아|깃발: 라트비아|국기|깃발	latvia|flag: latvia|flag
flags	🇱🇾		리비아|깃발: 리비아|국기|깃발	libya|flag: libya|flag
flags	🇲🇦		모로코|깃발: 모로코|국기|깃발	morocco|flag: morocco|flag
flags	🇲🇨		모나코|깃발: 모나코|국기|깃발	monaco|flag: monaco|flag
flags	🇲🇩		몰도바|깃발: 몰도바|국기|깃발	moldova|flag: moldova|flag
flags	🇲🇪		몬테네그로|깃발: 몬테네그로|국기|깃발	montenegro|flag: montenegro|flag
flags	🇲🇫		생마르탱|깃발: 생마르탱|국기|깃발	st. martin|flag: st. martin|flag
flags	🇲🇬		마다가스카르|깃발: 마다가스카르|국기|깃발	madagascar|flag: madagascar|flag
flags	🇲🇭		마셜 제도|깃발: 마셜 제도|국기|깃발	marshall islands|flag: marshall islands|flag
flags	🇲🇰		북마케도니아|깃발: 북마케도니아|국기|깃발	north macedonia|flag: north macedonia|flag
flags	🇲🇱		말리|깃발: 말리|국기|깃발	mali|flag: mali|flag
flags	🇲🇲		미얀마|깃발: 미얀마|국기|깃발	myanmar (burma)|myanmar|burma|flag: myanmar (burma)|flag
flags	🇲🇳		몽골|깃발: 몽골|국기|깃발	mongolia|flag: mongolia|flag
flags	🇲🇴		마카오(중국 특별행정구)|마카오|깃발: 마카오(중국 특별행정구)|국기|깃발	macao sar china|flag: macao sar china|flag
flags	🇲🇵		북마리아나제도|깃발: 북마리아나제도|국기|깃발	northern mariana islands|flag: northern mariana islands|flag
flags	🇲🇶		마르티니크|깃발: 마르티니크|국기|깃발	martinique|flag: martinique|flag
flags	🇲🇷		모리타니|깃발: 모리타니|국기|깃발	mauritania|flag: mauritania|flag
flags	🇲🇸		몬트세라트|깃발: 몬트세라트|국기|깃발	montserrat|flag: montserrat|flag
flags	🇲🇹		몰타|깃발: 몰타|국기|깃발	malta|flag: malta|flag
flags	🇲🇺		모리셔스|깃발: 모리셔스|국기|깃발	mauritius|flag: mauritius|flag
flags	🇲🇻		몰디브|깃발: 몰디브|국기|깃발	maldives|flag: maldives|flag
flags	🇲🇼		말라위|깃발: 말라위|국기|깃발	malawi|flag: malawi|flag
flags	🇲🇽		멕시코|깃발: 멕시코|국기|깃발	mexico|flag: mexico|flag
flags	🇲🇾		말레이시아|깃발: 말레이시아|국기|깃발	malaysia|flag: malaysia|flag
flags	🇲🇿		모잠비크|깃발: 모잠비크|국기|깃발	mozambique|flag: mozambique|flag
flags	🇳🇦		나미비아|깃발: 나미비아|국기|깃발	namibia|flag: namibia|flag
flags	🇳🇨		뉴칼레도니아|깃발: 뉴칼레도니아|국기|깃발	new caledonia|flag: new caledonia|flag
flags	🇳🇪		니제르|깃발: 니제르|국기|깃발	niger|flag: niger|flag
flags	🇳🇫		노퍽섬|깃발: 노퍽섬|국기|깃발	norfolk island|flag: norfolk island|flag
flags	🇳🇬		나이지리아|깃발: 나이지리아|국기|깃발	nigeria|flag: nigeria|flag
flags	🇳🇮		니카라과|깃발: 니카라과|국기|깃발	nicaragua|flag: nicaragua|flag
flags	🇳🇱		네덜란드|홀란드|깃발: 네덜란드|국기|깃발	netherlands|holland|flag: netherlands|flag
flags	🇳🇴		노르웨이|깃발: 노르웨이|국기|깃발	norway|flag: norway|flag
flags	🇳🇵		네팔|깃발: 네팔|국기|깃발	nepal|flag: nepal|flag
flags	🇳🇷		나우루|깃발: 나우루|국기|깃발	nauru|flag: nauru|flag
flags	🇳🇺		니우에|깃발: 니우에|국기|깃발	niue|flag: niue|flag
flags	🇳🇿		뉴질랜드|깃발: 뉴질랜드|국기|깃발	new zealand|flag: new zealand|flag
flags	🇴🇲		오만|깃발: 오만|국기|깃발	oman|flag: oman|flag
flags	🇵🇦		파나마|깃발: 파나마|국기|깃발	panama|flag: panama|flag
flags	🇵🇪		페루|깃발: 페루|국기|깃발	peru|flag: peru|flag
flags	🇵🇫		프랑스령 폴리네시아|깃발: 프랑스령 폴리네시아|국기|깃발	french polynesia|flag: french polynesia|flag
flags	🇵🇬		파푸아뉴기니|깃발: 파푸아뉴기니|국기|깃발	papua new guinea|flag: papua new guinea|flag
flags	🇵🇭		필리핀|깃발: 필리핀|국기|깃발	philippines|flag: philippines|flag
flags	🇵🇰		파키스탄|깃발: 파키스탄|국기|깃발	pakistan|flag: pakistan|flag
flags	🇵🇱		폴란드|깃발: 폴란드|국기|깃발	poland|flag: poland|flag
flags	🇵🇲		생피에르 미클롱|깃발: 생피에르 미클롱|국기|깃발	st. pierre & miquelon|flag: st. pierre & miquelon|flag
flags	🇵🇳		핏케언 제도|깃발: 핏케언 제도|국기|깃발	pitcairn islands|flag: pitcairn islands|flag
flags	🇵🇷		푸에르토리코|깃발: 푸에르토리코|국기|깃발	puerto rico|flag: puerto rico|flag
flags	🇵🇸		팔레스타인 지구|깃발: 팔레스타인 지구|국기|깃발	palestinian territories|flag: palestinian territories|flag
flags	🇵🇹		포르투갈|깃발: 포르투갈|국기|깃발	portugal|flag: portugal|flag
flags	🇵🇼		팔라우|깃발: 팔라우|국기|깃발	palau|flag: palau|flag
flags	🇵🇾		파라과이|깃발: 파라과이|국기|깃발	paraguay|flag: paraguay|flag
flags	🇶🇦		카타르|깃발: 카타르|국기|깃발	qatar|flag: qatar|flag
flags	🇷🇪		레위니옹|깃발: 레위니옹|국기|깃발	réunion|flag: réunion|flag
flags	🇷🇴		루마니아|깃발: 루마니아|국기|깃발	romania|flag: romania|flag
flags	🇷🇸		세르비아|깃발: 세르비아|국기|깃발	serbia|flag: serbia|flag
flags	🇷🇺		러시아|깃발: 러시아|국기|깃발	russia|flag: russia|flag
flags	🇷🇼		르완다|깃발: 르완다|국기|깃발	rwanda|flag: rwanda|flag
flags	🇸🇦		사우디아라비아|사우디|깃발: 사우디아라비아|국기|깃발	saudi arabia|flag: saudi arabia|flag
flags	🇸🇧		솔로몬 제도|깃발: 솔로몬 제도|국기|깃발	solomon islands|flag: solomon islands|flag
flags	🇸🇨		세이셸|깃발: 세이셸|국기|깃발	seychelles|flag: seychelles|flag
flags	🇸🇩		수단|깃발: 수단|국기|깃발	sudan|flag: sudan|flag
flags	🇸🇪		스웨덴|깃발: 스웨덴|국기|깃발	sweden|flag: sweden|flag
flags	🇸🇬		싱가포르|깃발: 싱가포르|국기|깃발	singapore|flag: singapore|flag
flags	🇸🇭		세인트헬레나|깃발: 세인트헬레나|국기|깃발	st. helena, ascension & tristan da cunha|flag: st. helena, ascension & tristan da cunha|flag
flags	🇸🇮		슬로베니아|깃발: 슬로베니아|국기|깃발	slovenia|flag: slovenia|flag
flags	🇸🇯		스발바르제도-얀마웬섬|깃발: 스발바르제도-얀마웬섬|국기|깃발	svalbard & jan mayen|flag: svalbard & jan mayen|flag
flags	🇸🇰		슬로바키아|깃발: 슬로바키아|국기|깃발	slovakia|flag: slovakia|flag
flags	🇸🇱		시에라리온|깃발: 시에라리온|국기|깃발	sierra leone|flag: sierra leone|flag
flags	🇸🇲		산마리노|깃발: 산마리노|국기|깃발	san marino|flag: san marino|flag
flags	🇸🇳		세네갈|깃발: 세네갈|국기|깃발	senegal|flag: senegal|flag
flags	🇸🇴		소말리아|깃발: 소말리아|국기|깃발	somalia|flag: somalia|flag
flags	🇸🇷		수리남|깃발: 수리남|국기|깃발	suriname|flag: suriname|flag
flags	🇸🇸		남수단|깃발: 남수단|국기|깃발	south sudan|flag: south sudan|flag
flags	🇸🇹		상투메 프린시페|깃발: 상투메 프린시페|국기|깃발	são tomé & príncipe|flag: são tomé & príncipe|flag
flags	🇸🇻		엘살바도르|깃발: 엘살바도르|국기|깃발	el salvador|flag: el salvador|flag
flags	🇸🇽		신트마르턴|깃발: 신트마르턴|국기|깃발	sint maarten|flag: sint maarten|flag
flags	🇸🇾		시리아|깃발: 시리아|국기|깃발	syria|flag: syria|flag
flags	🇸🇿		에스와티니|깃발: 에스와티니|국기|깃발	eswatini|flag: eswatini|flag
flags	🇹🇦		트리스탄다쿠나|깃발: 트리스탄다쿠나|국기|깃발	tristan da cunha|flag: tristan da cunha|flag
flags	🇹🇨		터크스 케이커스 제도|깃발: 터크스 케이커스 제도|국기|깃발	turks & caicos islands|flag: turks & caicos islands|flag
flags	🇹🇩		차드|깃발: 차드|국기|깃발	chad|flag: chad|flag
flags	🇹🇫		프랑스령 남방 지역|깃발: 프랑스령 남방 지역|국기|깃발	french southern and antarctic lands|flag: french southern and antarctic lands|flag
flags	🇹🇬		토고|깃발: 토고|국기|깃발	togo|flag: togo|flag
flags	🇹🇭		태국|타이|깃발: 태국|국기|깃발	thailand|flag: thailand|flag
flags	🇹🇯		타지키스탄|깃발: 타지키스탄|국기|깃발	tajikistan|flag: tajikistan|flag
flags	🇹🇰		토켈라우|깃발: 토켈라우|국기|깃발	tokelau|flag: tokelau|flag
flags	🇹🇱		동티모르|깃발: 동티모르|국기|깃발	timor-leste|flag: timor-leste|flag
flags	🇹🇲		투르크메니스탄|깃발: 투르크메니스탄|국기|깃발	turkmenistan|flag: turkmenistan|flag
flags	🇹🇳		튀니지|깃발: 튀니지|국기|깃발	tunisia|flag: tunisia|flag
flags	🇹🇴		통가|깃발: 통가|국기|깃발	tonga|flag: tonga|flag
flags	🇹🇷		튀르키예|터키|깃발: 튀르키예|국기|깃발	türkiye|turkey|flag: türkiye|flag
flags	🇹🇹		트리니다드 토바고|깃발: 트리니다드 토바고|국기|깃발	trinidad & tobago|flag: trinidad & tobago|flag
flags	🇹🇻		투발루|깃발: 투발루|국기|깃발	tuvalu|flag: tuvalu|flag
flags	🇹🇼		대만|타이완|깃발: 대만|국기|깃발	taiwan|flag: taiwan|flag
flags	🇹🇿		탄자니아|깃발: 탄자니아|국기|깃발	tanzania|flag: tanzania|flag
flags	🇺🇦		우크라이나|깃발: 우크라이나|국기|깃발	ukraine|flag: ukraine|flag
flags	🇺🇬		우간다|깃발: 우간다|국기|깃발	uganda|flag: uganda|flag
flags	🇺🇲		미국령 해외 제도|깃발: 미국령 해외 제도|국기|깃발	u.s. outlying islands|flag: u.s. outlying islands|flag
flags	🇺🇳		국제연합|유엔|깃발: 국제연합|국기|깃발	united nations|flag: united nations|flag
flags	🇺🇸		미국|미합중국|아메리카|깃발: 미국|국기|깃발	united states|usa|america|flag: united states|flag
flags	🇺🇾		우루과이|깃발: 우루과이|국기|깃발	uruguay|flag: uruguay|flag
flags	🇺🇿		우즈베키스탄|깃발: 우즈베키스탄|국기|깃발	uzbekistan|flag: uzbekistan|flag
flags	🇻🇦		바티칸 시국|바티칸|깃발: 바티칸 시국|국기|깃발	vatican city|vatican|flag: vatican city|flag
flags	🇻🇨		세인트빈센트그레나딘|깃발: 세인트빈센트그레나딘|국기|깃발	st. vincent & grenadines|flag: st. vincent & grenadines|flag
flags	🇻🇪		베네수엘라|깃발: 베네수엘라|국기|깃발	venezuela|flag: venezuela|flag
flags	🇻🇬		영국령 버진아일랜드|깃발: 영국령 버진아일랜드|국기|깃발	british virgin islands|flag: british virgin islands|flag
flags	🇻🇮		미국령 버진아일랜드|깃발: 미국령 버진아일랜드|국기|깃발	u.s. virgin islands|flag: u.s. virgin islands|flag
flags	🇻🇳		베트남|깃발: 베트남|국기|깃발	vietnam|flag: vietnam|flag
flags	🇻🇺		바누아투|깃발: 바누아투|국기|깃발	vanuatu|flag: vanuatu|flag
flags	🇼🇫		왈리스-푸투나 제도|깃발: 왈리스-푸투나 제도|국기|깃발	wallis & futuna|flag: wallis & futuna|flag
flags	🇼🇸		사모아|깃발: 사모아|국기|깃발	samoa|flag: samoa|flag
flags	🇽🇰		코소보|깃발: 코소보|국기|깃발	kosovo|flag: kosovo|flag
flags	🇾🇪		예멘|깃발: 예멘|국기|깃발	yemen|flag: yemen|flag
flags	🇾🇹		마요트|깃발: 마요트|국기|깃발	mayotte|flag: mayotte|flag
flags	🇿🇦		남아프리카|남아공|남아프리카 공화국|깃발: 남아프리카|국기|깃발	south africa|flag: south africa|flag
flags	🇿🇲		잠비아|깃발: 잠비아|국기|깃발	zambia|flag: zambia|flag
flags	🇿🇼		짐바브웨|깃발: 짐바브웨|국기|깃발	zimbabwe|flag: zimbabwe|flag
flags	🏴󠁧󠁢󠁥󠁮󠁧󠁿		잉글랜드|깃발: 잉글랜드|국기|깃발	england|flag: england|flag
flags	🏴󠁧󠁢󠁳󠁣󠁴󠁿		스코틀랜드|깃발: 스코틀랜드|국기|깃발	scotland|flag: scotland|flag
flags	🏴󠁧󠁢󠁷󠁬󠁳󠁿		웨일즈|깃발: 웨일즈|국기|깃발	wales|flag: wales|flag
